-- phpMyAdmin SQL Dump
-- version 5.2.1
-- https://www.phpmyadmin.net/
--
-- Host: 127.0.0.1
-- Generation Time: Dec 01, 2025 at 09:31 PM
-- Server version: 10.4.32-MariaDB
-- PHP Version: 8.0.30

SET SQL_MODE = "NO_AUTO_VALUE_ON_ZERO";
START TRANSACTION;
SET time_zone = "+00:00";


/*!40101 SET @OLD_CHARACTER_SET_CLIENT=@@CHARACTER_SET_CLIENT */;
/*!40101 SET @OLD_CHARACTER_SET_RESULTS=@@CHARACTER_SET_RESULTS */;
/*!40101 SET @OLD_COLLATION_CONNECTION=@@COLLATION_CONNECTION */;
/*!40101 SET NAMES utf8mb4 */;

--
-- Database: `acadex_db`
--

-- --------------------------------------------------------

--
-- Table structure for table `assessment_items`
--

CREATE TABLE `assessment_items` (
  `id` int(11) NOT NULL,
  `class_id` int(11) NOT NULL,
  `title` varchar(255) NOT NULL,
  `max_score` decimal(5,2) NOT NULL,
  `component` enum('class_standing','exam','project') NOT NULL,
  `term` enum('prelim','midterm','finals') NOT NULL,
  `teacher_email` varchar(255) NOT NULL,
  `date_created` timestamp NOT NULL DEFAULT current_timestamp()
) ENGINE=InnoDB DEFAULT CHARSET=utf8mb4 COLLATE=utf8mb4_general_ci;

--
-- Dumping data for table `assessment_items`
--

INSERT INTO `assessment_items` (`id`, `class_id`, `title`, `max_score`, `component`, `term`, `teacher_email`, `date_created`) VALUES
(1, 7, 'Sample Assessment', 10.00, 'class_standing', 'prelim', 'dumaraograffie@sac.edu.ph', '2025-11-09 15:16:22'),
(2, 7, 'Quiz Assessment', 20.00, 'class_standing', 'midterm', 'dumaraograffie@sac.edu.ph', '2025-11-10 14:22:38'),
(3, 7, 'Major Exam', 60.00, 'exam', 'midterm', 'dumaraograffie@sac.edu.ph', '2025-11-10 14:39:49'),
(6, 7, 'Quiz', 30.00, 'class_standing', 'midterm', 'dumaraograffie@sac.edu.ph', '2025-11-10 14:53:16'),
(7, 7, 'Midterm Exam', 70.00, 'exam', 'midterm', 'dumaraograffie@sac.edu.ph', '2025-11-10 14:53:51'),
(8, 7, 'Midterm Project', 60.00, 'class_standing', 'midterm', 'dumaraograffie@sac.edu.ph', '2025-11-10 15:29:15'),
(9, 7, 'Another Exam', 40.00, 'exam', 'midterm', 'dumaraograffie@sac.edu.ph', '2025-11-10 15:29:38'),
(10, 6, 'Quiz 1', 20.00, 'class_standing', 'prelim', 'dumaraograffie@sac.edu.ph', '2025-11-10 16:53:16'),
(11, 6, 'Quiz 2', 20.00, 'class_standing', 'midterm', 'dumaraograffie@sac.edu.ph', '2025-11-10 16:53:36'),
(12, 6, 'Quiz 3', 20.00, 'class_standing', 'finals', 'dumaraograffie@sac.edu.ph', '2025-11-10 16:53:49'),
(13, 6, 'Exam 1', 60.00, 'exam', 'prelim', 'dumaraograffie@sac.edu.ph', '2025-11-10 16:56:08'),
(14, 6, 'Exam 2', 60.00, 'exam', 'midterm', 'dumaraograffie@sac.edu.ph', '2025-11-10 16:56:17'),
(15, 6, 'Exam 3', 60.00, 'exam', 'finals', 'dumaraograffie@sac.edu.ph', '2025-11-10 16:56:26');

-- --------------------------------------------------------

--
-- Table structure for table `assessment_scores`
--

CREATE TABLE `assessment_scores` (
  `id` int(11) NOT NULL,
  `assessment_item_id` int(11) NOT NULL,
  `student_id` int(11) NOT NULL,
  `score` decimal(5,2) NOT NULL,
  `date_modified` datetime NOT NULL
) ENGINE=InnoDB DEFAULT CHARSET=utf8mb4 COLLATE=utf8mb4_general_ci;

--
-- Dumping data for table `assessment_scores`
--

INSERT INTO `assessment_scores` (`id`, `assessment_item_id`, `student_id`, `score`, `date_modified`) VALUES
(1, 1, 243, 7.00, '2025-11-10 14:39:18'),
(2, 1, 220, 9.00, '2025-11-09 17:37:22'),
(3, 2, 255, 15.00, '2025-11-10 14:23:07'),
(4, 3, 243, 56.00, '2025-11-10 14:39:55'),
(7, 2, 243, 10.00, '2025-11-10 15:47:32'),
(8, 6, 243, 26.00, '2025-11-10 15:47:27'),
(9, 7, 243, 20.00, '2025-11-10 16:12:27'),
(10, 8, 243, 55.00, '2025-11-10 16:12:18'),
(11, 9, 243, 40.00, '2025-11-10 16:27:36'),
(12, 10, 262, 19.00, '2025-11-10 18:01:33'),
(13, 11, 262, 19.00, '2025-11-10 18:01:28'),
(14, 12, 262, 19.00, '2025-11-10 18:01:25'),
(15, 13, 262, 58.00, '2025-11-10 18:01:22'),
(16, 14, 262, 57.00, '2025-11-10 18:01:20'),
(17, 15, 262, 56.00, '2025-11-10 18:01:18'),
(18, 9, 220, 38.00, '2025-11-15 08:55:00');

-- --------------------------------------------------------

--
-- Table structure for table `attendance`
--

CREATE TABLE `attendance` (
  `id` int(11) NOT NULL,
  `class_id` int(11) NOT NULL,
  `student_id` int(11) NOT NULL,
  `student_number` varchar(50) NOT NULL,
  `attendance_date` date NOT NULL,
  `session` varchar(255) NOT NULL,
  `status` enum('present','absent','late','excused') NOT NULL DEFAULT 'present',
  `created_at` timestamp NOT NULL DEFAULT current_timestamp(),
  `updated_at` timestamp NOT NULL DEFAULT current_timestamp() ON UPDATE current_timestamp()
) ENGINE=InnoDB DEFAULT CHARSET=utf8mb4 COLLATE=utf8mb4_general_ci;

--
-- Dumping data for table `attendance`
--

INSERT INTO `attendance` (`id`, `class_id`, `student_id`, `student_number`, `attendance_date`, `session`, `status`, `created_at`, `updated_at`) VALUES
(301, 7, 243, '2021033', '2025-11-08', 'morning', 'late', '2025-11-08 15:38:45', '2025-11-08 16:20:42'),
(302, 7, 220, '2021010', '2025-11-08', 'morning', 'present', '2025-11-08 15:38:45', '2025-11-08 16:20:42'),
(303, 7, 244, '2021034', '2025-11-08', 'morning', 'present', '2025-11-08 15:38:45', '2025-11-08 16:20:42'),
(304, 7, 252, '2021042', '2025-11-08', 'morning', 'present', '2025-11-08 15:38:45', '2025-11-08 16:20:42'),
(305, 7, 246, '2021036', '2025-11-08', 'morning', 'present', '2025-11-08 15:38:45', '2025-11-08 16:20:42'),
(306, 7, 256, '2021046', '2025-11-08', 'morning', 'present', '2025-11-08 15:38:45', '2025-11-08 16:20:42'),
(307, 7, 216, '2021006', '2025-11-08', 'morning', 'present', '2025-11-08 15:38:45', '2025-11-08 16:20:42'),
(308, 7, 212, '2021001', '2025-11-08', 'morning', 'present', '2025-11-08 15:38:45', '2025-11-08 16:20:42'),
(309, 7, 211, '2021005', '2025-11-08', 'morning', 'present', '2025-11-08 15:38:45', '2025-11-08 16:20:42'),
(310, 7, 255, '2021045', '2025-11-08', 'morning', 'present', '2025-11-08 15:38:45', '2025-11-08 16:20:42'),
(311, 7, 254, '2021044', '2025-11-08', 'morning', 'present', '2025-11-08 15:38:45', '2025-11-08 16:20:42'),
(312, 7, 229, '2021019', '2025-11-08', 'morning', 'present', '2025-11-08 15:38:45', '2025-11-08 16:20:42'),
(313, 7, 218, '2021008', '2025-11-08', 'morning', 'present', '2025-11-08 15:38:45', '2025-11-08 16:20:42'),
(314, 7, 233, '2021023', '2025-11-08', 'morning', 'present', '2025-11-08 15:38:45', '2025-11-08 16:20:42'),
(315, 7, 242, '2021032', '2025-11-08', 'morning', 'present', '2025-11-08 15:38:45', '2025-11-08 16:20:42'),
(316, 7, 238, '2021028', '2025-11-08', 'morning', 'present', '2025-11-08 15:38:45', '2025-11-08 16:20:42'),
(317, 7, 226, '2021016', '2025-11-08', 'morning', 'present', '2025-11-08 15:38:45', '2025-11-08 16:20:42'),
(318, 7, 224, '2021014', '2025-11-08', 'morning', 'present', '2025-11-08 15:38:45', '2025-11-08 16:20:42'),
(319, 7, 214, '2021003', '2025-11-08', 'morning', 'present', '2025-11-08 15:38:45', '2025-11-08 16:20:42'),
(320, 7, 240, '2021030', '2025-11-08', 'morning', 'present', '2025-11-08 15:38:45', '2025-11-08 16:20:42'),
(321, 7, 221, '2021011', '2025-11-08', 'morning', 'present', '2025-11-08 15:38:45', '2025-11-08 16:20:42'),
(322, 7, 236, '2021026', '2025-11-08', 'morning', 'present', '2025-11-08 15:38:45', '2025-11-08 16:20:42'),
(323, 7, 232, '2021022', '2025-11-08', 'morning', 'present', '2025-11-08 15:38:45', '2025-11-08 16:20:42'),
(324, 7, 227, '2021017', '2025-11-08', 'morning', 'present', '2025-11-08 15:38:45', '2025-11-08 16:20:42'),
(325, 7, 230, '2021020', '2025-11-08', 'morning', 'present', '2025-11-08 15:38:45', '2025-11-08 16:20:42'),
(326, 7, 219, '2021009', '2025-11-08', 'morning', 'present', '2025-11-08 15:38:45', '2025-11-08 16:20:42'),
(327, 7, 247, '2021037', '2025-11-08', 'morning', 'present', '2025-11-08 15:38:45', '2025-11-08 16:20:42'),
(328, 7, 223, '2021013', '2025-11-08', 'morning', 'present', '2025-11-08 15:38:45', '2025-11-08 16:20:42'),
(329, 7, 259, '2021049', '2025-11-08', 'morning', 'present', '2025-11-08 15:38:45', '2025-11-08 16:20:42'),
(330, 7, 245, '2021035', '2025-11-08', 'morning', 'present', '2025-11-08 15:38:45', '2025-11-08 16:20:42'),
(331, 7, 253, '2021043', '2025-11-08', 'morning', 'present', '2025-11-08 15:38:45', '2025-11-08 16:20:42'),
(332, 7, 234, '2021024', '2025-11-08', 'morning', 'present', '2025-11-08 15:38:45', '2025-11-08 16:20:42'),
(333, 7, 248, '2021038', '2025-11-08', 'morning', 'present', '2025-11-08 15:38:45', '2025-11-08 16:20:42'),
(334, 7, 251, '2021041', '2025-11-08', 'morning', 'present', '2025-11-08 15:38:45', '2025-11-08 16:20:42'),
(335, 7, 260, '2021050', '2025-11-08', 'morning', 'present', '2025-11-08 15:38:45', '2025-11-08 16:20:42'),
(336, 7, 249, '2021039', '2025-11-08', 'morning', 'present', '2025-11-08 15:38:45', '2025-11-08 16:20:42'),
(337, 7, 231, '2021021', '2025-11-08', 'morning', 'present', '2025-11-08 15:38:45', '2025-11-08 16:20:42'),
(338, 7, 258, '2021048', '2025-11-08', 'morning', 'present', '2025-11-08 15:38:45', '2025-11-08 16:20:42'),
(339, 7, 241, '2021031', '2025-11-08', 'morning', 'present', '2025-11-08 15:38:45', '2025-11-08 16:20:42'),
(340, 7, 213, '2021002', '2025-11-08', 'morning', 'present', '2025-11-08 15:38:45', '2025-11-08 16:20:42'),
(341, 7, 257, '2021047', '2025-11-08', 'morning', 'present', '2025-11-08 15:38:45', '2025-11-08 16:20:42'),
(342, 7, 222, '2021012', '2025-11-08', 'morning', 'present', '2025-11-08 15:38:45', '2025-11-08 16:20:42'),
(343, 7, 228, '2021018', '2025-11-08', 'morning', 'present', '2025-11-08 15:38:45', '2025-11-08 16:20:42'),
(344, 7, 250, '2021040', '2025-11-08', 'morning', 'present', '2025-11-08 15:38:45', '2025-11-08 16:20:42'),
(345, 7, 237, '2021027', '2025-11-08', 'morning', 'present', '2025-11-08 15:38:45', '2025-11-08 16:20:42'),
(346, 7, 225, '2021015', '2025-11-08', 'morning', 'present', '2025-11-08 15:38:45', '2025-11-08 16:20:42'),
(347, 7, 215, '2021004', '2025-11-08', 'morning', 'present', '2025-11-08 15:38:45', '2025-11-08 16:20:42'),
(348, 7, 235, '2021025', '2025-11-08', 'morning', 'present', '2025-11-08 15:38:45', '2025-11-08 16:20:42'),
(349, 7, 217, '2021007', '2025-11-08', 'morning', 'present', '2025-11-08 15:38:45', '2025-11-08 16:20:42'),
(350, 7, 239, '2021029', '2025-11-08', 'morning', 'present', '2025-11-08 15:38:45', '2025-11-08 16:20:42'),
(601, 7, 243, '2021033', '2025-11-08', 'afternoon', 'absent', '2025-11-08 16:41:16', '2025-11-08 16:41:16'),
(602, 7, 220, '2021010', '2025-11-08', 'afternoon', 'present', '2025-11-08 16:41:16', '2025-11-08 16:41:16'),
(603, 7, 244, '2021034', '2025-11-08', 'afternoon', 'present', '2025-11-08 16:41:16', '2025-11-08 16:41:16'),
(604, 7, 252, '2021042', '2025-11-08', 'afternoon', 'present', '2025-11-08 16:41:16', '2025-11-08 16:41:16'),
(605, 7, 246, '2021036', '2025-11-08', 'afternoon', 'present', '2025-11-08 16:41:16', '2025-11-08 16:41:16'),
(606, 7, 256, '2021046', '2025-11-08', 'afternoon', 'present', '2025-11-08 16:41:16', '2025-11-08 16:41:16'),
(607, 7, 216, '2021006', '2025-11-08', 'afternoon', 'present', '2025-11-08 16:41:16', '2025-11-08 16:41:16'),
(608, 7, 212, '2021001', '2025-11-08', 'afternoon', 'present', '2025-11-08 16:41:16', '2025-11-08 16:41:16'),
(609, 7, 211, '2021005', '2025-11-08', 'afternoon', 'present', '2025-11-08 16:41:16', '2025-11-08 16:41:16'),
(610, 7, 255, '2021045', '2025-11-08', 'afternoon', 'present', '2025-11-08 16:41:16', '2025-11-08 16:41:16'),
(611, 7, 254, '2021044', '2025-11-08', 'afternoon', 'present', '2025-11-08 16:41:16', '2025-11-08 16:41:16'),
(612, 7, 229, '2021019', '2025-11-08', 'afternoon', 'present', '2025-11-08 16:41:16', '2025-11-08 16:41:16'),
(613, 7, 218, '2021008', '2025-11-08', 'afternoon', 'present', '2025-11-08 16:41:16', '2025-11-08 16:41:16'),
(614, 7, 233, '2021023', '2025-11-08', 'afternoon', 'present', '2025-11-08 16:41:16', '2025-11-08 16:41:16'),
(615, 7, 242, '2021032', '2025-11-08', 'afternoon', 'present', '2025-11-08 16:41:16', '2025-11-08 16:41:16'),
(616, 7, 238, '2021028', '2025-11-08', 'afternoon', 'present', '2025-11-08 16:41:16', '2025-11-08 16:41:16'),
(617, 7, 226, '2021016', '2025-11-08', 'afternoon', 'present', '2025-11-08 16:41:16', '2025-11-08 16:41:16'),
(618, 7, 224, '2021014', '2025-11-08', 'afternoon', 'present', '2025-11-08 16:41:16', '2025-11-08 16:41:16'),
(619, 7, 214, '2021003', '2025-11-08', 'afternoon', 'present', '2025-11-08 16:41:16', '2025-11-08 16:41:16'),
(620, 7, 240, '2021030', '2025-11-08', 'afternoon', 'present', '2025-11-08 16:41:16', '2025-11-08 16:41:16'),
(621, 7, 221, '2021011', '2025-11-08', 'afternoon', 'present', '2025-11-08 16:41:16', '2025-11-08 16:41:16'),
(622, 7, 236, '2021026', '2025-11-08', 'afternoon', 'present', '2025-11-08 16:41:16', '2025-11-08 16:41:16'),
(623, 7, 232, '2021022', '2025-11-08', 'afternoon', 'present', '2025-11-08 16:41:16', '2025-11-08 16:41:16'),
(624, 7, 227, '2021017', '2025-11-08', 'afternoon', 'present', '2025-11-08 16:41:16', '2025-11-08 16:41:16'),
(625, 7, 230, '2021020', '2025-11-08', 'afternoon', 'present', '2025-11-08 16:41:16', '2025-11-08 16:41:16'),
(626, 7, 219, '2021009', '2025-11-08', 'afternoon', 'present', '2025-11-08 16:41:16', '2025-11-08 16:41:16'),
(627, 7, 247, '2021037', '2025-11-08', 'afternoon', 'present', '2025-11-08 16:41:16', '2025-11-08 16:41:16'),
(628, 7, 223, '2021013', '2025-11-08', 'afternoon', 'present', '2025-11-08 16:41:16', '2025-11-08 16:41:16'),
(629, 7, 259, '2021049', '2025-11-08', 'afternoon', 'present', '2025-11-08 16:41:16', '2025-11-08 16:41:16'),
(630, 7, 245, '2021035', '2025-11-08', 'afternoon', 'present', '2025-11-08 16:41:16', '2025-11-08 16:41:16'),
(631, 7, 253, '2021043', '2025-11-08', 'afternoon', 'present', '2025-11-08 16:41:16', '2025-11-08 16:41:16'),
(632, 7, 234, '2021024', '2025-11-08', 'afternoon', 'present', '2025-11-08 16:41:16', '2025-11-08 16:41:16'),
(633, 7, 248, '2021038', '2025-11-08', 'afternoon', 'present', '2025-11-08 16:41:16', '2025-11-08 16:41:16'),
(634, 7, 251, '2021041', '2025-11-08', 'afternoon', 'present', '2025-11-08 16:41:16', '2025-11-08 16:41:16'),
(635, 7, 260, '2021050', '2025-11-08', 'afternoon', 'present', '2025-11-08 16:41:16', '2025-11-08 16:41:16'),
(636, 7, 249, '2021039', '2025-11-08', 'afternoon', 'present', '2025-11-08 16:41:16', '2025-11-08 16:41:16'),
(637, 7, 231, '2021021', '2025-11-08', 'afternoon', 'present', '2025-11-08 16:41:16', '2025-11-08 16:41:16'),
(638, 7, 258, '2021048', '2025-11-08', 'afternoon', 'present', '2025-11-08 16:41:16', '2025-11-08 16:41:16'),
(639, 7, 241, '2021031', '2025-11-08', 'afternoon', 'present', '2025-11-08 16:41:16', '2025-11-08 16:41:16'),
(640, 7, 213, '2021002', '2025-11-08', 'afternoon', 'present', '2025-11-08 16:41:16', '2025-11-08 16:41:16'),
(641, 7, 257, '2021047', '2025-11-08', 'afternoon', 'present', '2025-11-08 16:41:16', '2025-11-08 16:41:16'),
(642, 7, 222, '2021012', '2025-11-08', 'afternoon', 'present', '2025-11-08 16:41:16', '2025-11-08 16:41:16'),
(643, 7, 228, '2021018', '2025-11-08', 'afternoon', 'present', '2025-11-08 16:41:16', '2025-11-08 16:41:16'),
(644, 7, 250, '2021040', '2025-11-08', 'afternoon', 'present', '2025-11-08 16:41:16', '2025-11-08 16:41:16'),
(645, 7, 237, '2021027', '2025-11-08', 'afternoon', 'present', '2025-11-08 16:41:16', '2025-11-08 16:41:16'),
(646, 7, 225, '2021015', '2025-11-08', 'afternoon', 'present', '2025-11-08 16:41:16', '2025-11-08 16:41:16'),
(647, 7, 215, '2021004', '2025-11-08', 'afternoon', 'present', '2025-11-08 16:41:16', '2025-11-08 16:41:16'),
(648, 7, 235, '2021025', '2025-11-08', 'afternoon', 'present', '2025-11-08 16:41:16', '2025-11-08 16:41:16'),
(649, 7, 217, '2021007', '2025-11-08', 'afternoon', 'present', '2025-11-08 16:41:16', '2025-11-08 16:41:16'),
(650, 7, 239, '2021029', '2025-11-08', 'afternoon', 'present', '2025-11-08 16:41:16', '2025-11-08 16:41:16'),
(651, 7, 243, '2021033', '2025-11-08', 'evening', 'late', '2025-11-08 17:12:58', '2025-11-08 17:12:58'),
(652, 7, 220, '2021010', '2025-11-08', 'evening', 'present', '2025-11-08 17:12:58', '2025-11-08 17:12:58'),
(653, 7, 244, '2021034', '2025-11-08', 'evening', 'present', '2025-11-08 17:12:58', '2025-11-08 17:12:58'),
(654, 7, 252, '2021042', '2025-11-08', 'evening', 'present', '2025-11-08 17:12:58', '2025-11-08 17:12:58'),
(655, 7, 246, '2021036', '2025-11-08', 'evening', 'present', '2025-11-08 17:12:58', '2025-11-08 17:12:58'),
(656, 7, 256, '2021046', '2025-11-08', 'evening', 'present', '2025-11-08 17:12:58', '2025-11-08 17:12:58'),
(657, 7, 216, '2021006', '2025-11-08', 'evening', 'present', '2025-11-08 17:12:58', '2025-11-08 17:12:58'),
(658, 7, 212, '2021001', '2025-11-08', 'evening', 'present', '2025-11-08 17:12:58', '2025-11-08 17:12:58'),
(659, 7, 211, '2021005', '2025-11-08', 'evening', 'present', '2025-11-08 17:12:58', '2025-11-08 17:12:58'),
(660, 7, 255, '2021045', '2025-11-08', 'evening', 'present', '2025-11-08 17:12:58', '2025-11-08 17:12:58'),
(661, 7, 254, '2021044', '2025-11-08', 'evening', 'present', '2025-11-08 17:12:58', '2025-11-08 17:12:58'),
(662, 7, 229, '2021019', '2025-11-08', 'evening', 'present', '2025-11-08 17:12:58', '2025-11-08 17:12:58'),
(663, 7, 218, '2021008', '2025-11-08', 'evening', 'present', '2025-11-08 17:12:58', '2025-11-08 17:12:58'),
(664, 7, 233, '2021023', '2025-11-08', 'evening', 'present', '2025-11-08 17:12:58', '2025-11-08 17:12:58'),
(665, 7, 242, '2021032', '2025-11-08', 'evening', 'present', '2025-11-08 17:12:58', '2025-11-08 17:12:58'),
(666, 7, 238, '2021028', '2025-11-08', 'evening', 'present', '2025-11-08 17:12:58', '2025-11-08 17:12:58'),
(667, 7, 226, '2021016', '2025-11-08', 'evening', 'present', '2025-11-08 17:12:58', '2025-11-08 17:12:58'),
(668, 7, 224, '2021014', '2025-11-08', 'evening', 'present', '2025-11-08 17:12:58', '2025-11-08 17:12:58'),
(669, 7, 214, '2021003', '2025-11-08', 'evening', 'present', '2025-11-08 17:12:58', '2025-11-08 17:12:58'),
(670, 7, 240, '2021030', '2025-11-08', 'evening', 'present', '2025-11-08 17:12:58', '2025-11-08 17:12:58'),
(671, 7, 221, '2021011', '2025-11-08', 'evening', 'present', '2025-11-08 17:12:58', '2025-11-08 17:12:58'),
(672, 7, 236, '2021026', '2025-11-08', 'evening', 'present', '2025-11-08 17:12:58', '2025-11-08 17:12:58'),
(673, 7, 232, '2021022', '2025-11-08', 'evening', 'present', '2025-11-08 17:12:58', '2025-11-08 17:12:58'),
(674, 7, 227, '2021017', '2025-11-08', 'evening', 'present', '2025-11-08 17:12:58', '2025-11-08 17:12:58'),
(675, 7, 230, '2021020', '2025-11-08', 'evening', 'present', '2025-11-08 17:12:58', '2025-11-08 17:12:58'),
(676, 7, 219, '2021009', '2025-11-08', 'evening', 'present', '2025-11-08 17:12:58', '2025-11-08 17:12:58'),
(677, 7, 247, '2021037', '2025-11-08', 'evening', 'present', '2025-11-08 17:12:58', '2025-11-08 17:12:58'),
(678, 7, 223, '2021013', '2025-11-08', 'evening', 'present', '2025-11-08 17:12:58', '2025-11-08 17:12:58'),
(679, 7, 259, '2021049', '2025-11-08', 'evening', 'present', '2025-11-08 17:12:58', '2025-11-08 17:12:58'),
(680, 7, 245, '2021035', '2025-11-08', 'evening', 'present', '2025-11-08 17:12:58', '2025-11-08 17:12:58'),
(681, 7, 253, '2021043', '2025-11-08', 'evening', 'present', '2025-11-08 17:12:58', '2025-11-08 17:12:58'),
(682, 7, 234, '2021024', '2025-11-08', 'evening', 'present', '2025-11-08 17:12:58', '2025-11-08 17:12:58'),
(683, 7, 248, '2021038', '2025-11-08', 'evening', 'present', '2025-11-08 17:12:58', '2025-11-08 17:12:58'),
(684, 7, 251, '2021041', '2025-11-08', 'evening', 'present', '2025-11-08 17:12:58', '2025-11-08 17:12:58'),
(685, 7, 260, '2021050', '2025-11-08', 'evening', 'present', '2025-11-08 17:12:58', '2025-11-08 17:12:58'),
(686, 7, 249, '2021039', '2025-11-08', 'evening', 'present', '2025-11-08 17:12:58', '2025-11-08 17:12:58'),
(687, 7, 231, '2021021', '2025-11-08', 'evening', 'present', '2025-11-08 17:12:58', '2025-11-08 17:12:58'),
(688, 7, 258, '2021048', '2025-11-08', 'evening', 'present', '2025-11-08 17:12:58', '2025-11-08 17:12:58'),
(689, 7, 241, '2021031', '2025-11-08', 'evening', 'present', '2025-11-08 17:12:58', '2025-11-08 17:12:58'),
(690, 7, 213, '2021002', '2025-11-08', 'evening', 'present', '2025-11-08 17:12:58', '2025-11-08 17:12:58'),
(691, 7, 257, '2021047', '2025-11-08', 'evening', 'present', '2025-11-08 17:12:58', '2025-11-08 17:12:58'),
(692, 7, 222, '2021012', '2025-11-08', 'evening', 'present', '2025-11-08 17:12:58', '2025-11-08 17:12:58'),
(693, 7, 228, '2021018', '2025-11-08', 'evening', 'present', '2025-11-08 17:12:58', '2025-11-08 17:12:58'),
(694, 7, 250, '2021040', '2025-11-08', 'evening', 'present', '2025-11-08 17:12:58', '2025-11-08 17:12:58'),
(695, 7, 237, '2021027', '2025-11-08', 'evening', 'present', '2025-11-08 17:12:58', '2025-11-08 17:12:58'),
(696, 7, 225, '2021015', '2025-11-08', 'evening', 'present', '2025-11-08 17:12:58', '2025-11-08 17:12:58'),
(697, 7, 215, '2021004', '2025-11-08', 'evening', 'present', '2025-11-08 17:12:58', '2025-11-08 17:12:58'),
(698, 7, 235, '2021025', '2025-11-08', 'evening', 'present', '2025-11-08 17:12:58', '2025-11-08 17:12:58'),
(699, 7, 217, '2021007', '2025-11-08', 'evening', 'present', '2025-11-08 17:12:58', '2025-11-08 17:12:58'),
(700, 7, 239, '2021029', '2025-11-08', 'evening', 'present', '2025-11-08 17:12:58', '2025-11-08 17:12:58'),
(701, 7, 243, '2021033', '2025-11-09', 'morning', 'absent', '2025-11-09 14:27:44', '2025-11-09 14:31:09'),
(702, 7, 220, '2021010', '2025-11-09', 'morning', 'absent', '2025-11-09 14:27:44', '2025-11-09 14:31:09'),
(703, 7, 244, '2021034', '2025-11-09', 'morning', 'absent', '2025-11-09 14:27:44', '2025-11-09 14:31:09'),
(704, 7, 252, '2021042', '2025-11-09', 'morning', 'absent', '2025-11-09 14:27:44', '2025-11-09 14:31:09'),
(705, 7, 246, '2021036', '2025-11-09', 'morning', 'absent', '2025-11-09 14:27:44', '2025-11-09 14:31:09'),
(706, 7, 256, '2021046', '2025-11-09', 'morning', 'absent', '2025-11-09 14:27:44', '2025-11-09 14:31:09'),
(707, 7, 216, '2021006', '2025-11-09', 'morning', 'absent', '2025-11-09 14:27:44', '2025-11-09 14:31:09'),
(708, 7, 212, '2021001', '2025-11-09', 'morning', 'absent', '2025-11-09 14:27:44', '2025-11-09 14:31:09'),
(709, 7, 211, '2021005', '2025-11-09', 'morning', 'absent', '2025-11-09 14:27:44', '2025-11-09 14:31:09'),
(710, 7, 255, '2021045', '2025-11-09', 'morning', 'absent', '2025-11-09 14:27:44', '2025-11-09 14:31:09'),
(711, 7, 254, '2021044', '2025-11-09', 'morning', 'absent', '2025-11-09 14:27:44', '2025-11-09 14:31:09'),
(712, 7, 229, '2021019', '2025-11-09', 'morning', 'absent', '2025-11-09 14:27:44', '2025-11-09 14:31:09'),
(713, 7, 218, '2021008', '2025-11-09', 'morning', 'absent', '2025-11-09 14:27:44', '2025-11-09 14:31:09'),
(714, 7, 233, '2021023', '2025-11-09', 'morning', 'absent', '2025-11-09 14:27:44', '2025-11-09 14:31:09'),
(715, 7, 242, '2021032', '2025-11-09', 'morning', 'absent', '2025-11-09 14:27:44', '2025-11-09 14:31:09'),
(716, 7, 238, '2021028', '2025-11-09', 'morning', 'absent', '2025-11-09 14:27:44', '2025-11-09 14:31:09'),
(717, 7, 226, '2021016', '2025-11-09', 'morning', 'absent', '2025-11-09 14:27:44', '2025-11-09 14:31:09'),
(718, 7, 224, '2021014', '2025-11-09', 'morning', 'absent', '2025-11-09 14:27:44', '2025-11-09 14:31:09'),
(719, 7, 214, '2021003', '2025-11-09', 'morning', 'absent', '2025-11-09 14:27:44', '2025-11-09 14:31:09'),
(720, 7, 240, '2021030', '2025-11-09', 'morning', 'absent', '2025-11-09 14:27:44', '2025-11-09 14:31:09'),
(721, 7, 221, '2021011', '2025-11-09', 'morning', 'absent', '2025-11-09 14:27:44', '2025-11-09 14:31:09'),
(722, 7, 236, '2021026', '2025-11-09', 'morning', 'absent', '2025-11-09 14:27:44', '2025-11-09 14:31:09'),
(723, 7, 232, '2021022', '2025-11-09', 'morning', 'absent', '2025-11-09 14:27:44', '2025-11-09 14:31:09'),
(724, 7, 227, '2021017', '2025-11-09', 'morning', 'absent', '2025-11-09 14:27:44', '2025-11-09 14:31:09'),
(725, 7, 230, '2021020', '2025-11-09', 'morning', 'absent', '2025-11-09 14:27:44', '2025-11-09 14:31:09'),
(726, 7, 219, '2021009', '2025-11-09', 'morning', 'absent', '2025-11-09 14:27:44', '2025-11-09 14:31:09'),
(727, 7, 247, '2021037', '2025-11-09', 'morning', 'absent', '2025-11-09 14:27:44', '2025-11-09 14:31:09'),
(728, 7, 223, '2021013', '2025-11-09', 'morning', 'absent', '2025-11-09 14:27:44', '2025-11-09 14:31:09'),
(729, 7, 259, '2021049', '2025-11-09', 'morning', 'absent', '2025-11-09 14:27:44', '2025-11-09 14:31:09'),
(730, 7, 245, '2021035', '2025-11-09', 'morning', 'absent', '2025-11-09 14:27:44', '2025-11-09 14:31:09'),
(731, 7, 253, '2021043', '2025-11-09', 'morning', 'absent', '2025-11-09 14:27:44', '2025-11-09 14:31:09'),
(732, 7, 234, '2021024', '2025-11-09', 'morning', 'absent', '2025-11-09 14:27:44', '2025-11-09 14:31:09'),
(733, 7, 248, '2021038', '2025-11-09', 'morning', 'absent', '2025-11-09 14:27:44', '2025-11-09 14:31:09'),
(734, 7, 251, '2021041', '2025-11-09', 'morning', 'absent', '2025-11-09 14:27:44', '2025-11-09 14:31:09'),
(735, 7, 260, '2021050', '2025-11-09', 'morning', 'absent', '2025-11-09 14:27:44', '2025-11-09 14:31:09'),
(736, 7, 249, '2021039', '2025-11-09', 'morning', 'absent', '2025-11-09 14:27:44', '2025-11-09 14:31:09'),
(737, 7, 231, '2021021', '2025-11-09', 'morning', 'absent', '2025-11-09 14:27:44', '2025-11-09 14:31:09'),
(738, 7, 258, '2021048', '2025-11-09', 'morning', 'absent', '2025-11-09 14:27:44', '2025-11-09 14:31:09'),
(739, 7, 241, '2021031', '2025-11-09', 'morning', 'absent', '2025-11-09 14:27:44', '2025-11-09 14:31:09'),
(740, 7, 213, '2021002', '2025-11-09', 'morning', 'absent', '2025-11-09 14:27:44', '2025-11-09 14:31:09'),
(741, 7, 257, '2021047', '2025-11-09', 'morning', 'absent', '2025-11-09 14:27:44', '2025-11-09 14:31:09'),
(742, 7, 222, '2021012', '2025-11-09', 'morning', 'absent', '2025-11-09 14:27:44', '2025-11-09 14:31:09'),
(743, 7, 228, '2021018', '2025-11-09', 'morning', 'absent', '2025-11-09 14:27:44', '2025-11-09 14:31:09'),
(744, 7, 250, '2021040', '2025-11-09', 'morning', 'absent', '2025-11-09 14:27:44', '2025-11-09 14:31:09'),
(745, 7, 237, '2021027', '2025-11-09', 'morning', 'absent', '2025-11-09 14:27:44', '2025-11-09 14:31:09'),
(746, 7, 225, '2021015', '2025-11-09', 'morning', 'absent', '2025-11-09 14:27:44', '2025-11-09 14:31:09'),
(747, 7, 215, '2021004', '2025-11-09', 'morning', 'absent', '2025-11-09 14:27:44', '2025-11-09 14:31:09'),
(748, 7, 235, '2021025', '2025-11-09', 'morning', 'absent', '2025-11-09 14:27:44', '2025-11-09 14:31:09'),
(749, 7, 217, '2021007', '2025-11-09', 'morning', 'absent', '2025-11-09 14:27:44', '2025-11-09 14:31:09'),
(750, 7, 239, '2021029', '2025-11-09', 'morning', 'absent', '2025-11-09 14:27:44', '2025-11-09 14:31:09'),
(751, 7, 243, '2021033', '2025-11-09', 'afternoon', 'present', '2025-11-09 14:30:17', '2025-11-09 14:31:46'),
(752, 7, 220, '2021010', '2025-11-09', 'afternoon', 'present', '2025-11-09 14:30:17', '2025-11-09 14:31:46'),
(753, 7, 244, '2021034', '2025-11-09', 'afternoon', 'present', '2025-11-09 14:30:17', '2025-11-09 14:31:46'),
(754, 7, 252, '2021042', '2025-11-09', 'afternoon', 'present', '2025-11-09 14:30:17', '2025-11-09 14:31:46'),
(755, 7, 246, '2021036', '2025-11-09', 'afternoon', 'present', '2025-11-09 14:30:17', '2025-11-09 14:31:46'),
(756, 7, 256, '2021046', '2025-11-09', 'afternoon', 'present', '2025-11-09 14:30:17', '2025-11-09 14:31:46'),
(757, 7, 216, '2021006', '2025-11-09', 'afternoon', 'present', '2025-11-09 14:30:17', '2025-11-09 14:31:46'),
(758, 7, 212, '2021001', '2025-11-09', 'afternoon', 'present', '2025-11-09 14:30:17', '2025-11-09 14:31:46'),
(759, 7, 211, '2021005', '2025-11-09', 'afternoon', 'present', '2025-11-09 14:30:17', '2025-11-09 14:31:46'),
(760, 7, 255, '2021045', '2025-11-09', 'afternoon', 'present', '2025-11-09 14:30:17', '2025-11-09 14:31:46'),
(761, 7, 254, '2021044', '2025-11-09', 'afternoon', 'present', '2025-11-09 14:30:17', '2025-11-09 14:31:46'),
(762, 7, 229, '2021019', '2025-11-09', 'afternoon', 'present', '2025-11-09 14:30:17', '2025-11-09 14:31:46'),
(763, 7, 218, '2021008', '2025-11-09', 'afternoon', 'present', '2025-11-09 14:30:17', '2025-11-09 14:31:46'),
(764, 7, 233, '2021023', '2025-11-09', 'afternoon', 'present', '2025-11-09 14:30:17', '2025-11-09 14:31:46'),
(765, 7, 242, '2021032', '2025-11-09', 'afternoon', 'present', '2025-11-09 14:30:17', '2025-11-09 14:31:46'),
(766, 7, 238, '2021028', '2025-11-09', 'afternoon', 'present', '2025-11-09 14:30:17', '2025-11-09 14:31:46'),
(767, 7, 226, '2021016', '2025-11-09', 'afternoon', 'present', '2025-11-09 14:30:17', '2025-11-09 14:31:46'),
(768, 7, 224, '2021014', '2025-11-09', 'afternoon', 'absent', '2025-11-09 14:30:17', '2025-11-09 14:31:46'),
(769, 7, 214, '2021003', '2025-11-09', 'afternoon', 'absent', '2025-11-09 14:30:17', '2025-11-09 14:31:46'),
(770, 7, 240, '2021030', '2025-11-09', 'afternoon', 'absent', '2025-11-09 14:30:17', '2025-11-09 14:31:46'),
(771, 7, 221, '2021011', '2025-11-09', 'afternoon', 'absent', '2025-11-09 14:30:17', '2025-11-09 14:31:46'),
(772, 7, 236, '2021026', '2025-11-09', 'afternoon', 'absent', '2025-11-09 14:30:17', '2025-11-09 14:31:46'),
(773, 7, 232, '2021022', '2025-11-09', 'afternoon', 'absent', '2025-11-09 14:30:17', '2025-11-09 14:31:46'),
(774, 7, 227, '2021017', '2025-11-09', 'afternoon', 'present', '2025-11-09 14:30:17', '2025-11-09 14:31:46'),
(775, 7, 230, '2021020', '2025-11-09', 'afternoon', 'present', '2025-11-09 14:30:17', '2025-11-09 14:31:46'),
(776, 7, 219, '2021009', '2025-11-09', 'afternoon', 'present', '2025-11-09 14:30:17', '2025-11-09 14:31:46'),
(777, 7, 247, '2021037', '2025-11-09', 'afternoon', 'present', '2025-11-09 14:30:17', '2025-11-09 14:31:46'),
(778, 7, 223, '2021013', '2025-11-09', 'afternoon', 'present', '2025-11-09 14:30:17', '2025-11-09 14:31:46'),
(779, 7, 259, '2021049', '2025-11-09', 'afternoon', 'present', '2025-11-09 14:30:17', '2025-11-09 14:31:46'),
(780, 7, 245, '2021035', '2025-11-09', 'afternoon', 'present', '2025-11-09 14:30:17', '2025-11-09 14:31:46'),
(781, 7, 253, '2021043', '2025-11-09', 'afternoon', 'present', '2025-11-09 14:30:17', '2025-11-09 14:31:46'),
(782, 7, 234, '2021024', '2025-11-09', 'afternoon', 'present', '2025-11-09 14:30:17', '2025-11-09 14:31:46'),
(783, 7, 248, '2021038', '2025-11-09', 'afternoon', 'absent', '2025-11-09 14:30:17', '2025-11-09 14:31:46'),
(784, 7, 251, '2021041', '2025-11-09', 'afternoon', 'absent', '2025-11-09 14:30:17', '2025-11-09 14:31:46'),
(785, 7, 260, '2021050', '2025-11-09', 'afternoon', 'absent', '2025-11-09 14:30:17', '2025-11-09 14:31:46'),
(786, 7, 249, '2021039', '2025-11-09', 'afternoon', 'absent', '2025-11-09 14:30:17', '2025-11-09 14:31:46'),
(787, 7, 231, '2021021', '2025-11-09', 'afternoon', 'absent', '2025-11-09 14:30:17', '2025-11-09 14:31:46'),
(788, 7, 258, '2021048', '2025-11-09', 'afternoon', 'absent', '2025-11-09 14:30:17', '2025-11-09 14:31:46'),
(789, 7, 241, '2021031', '2025-11-09', 'afternoon', 'absent', '2025-11-09 14:30:17', '2025-11-09 14:31:46'),
(790, 7, 213, '2021002', '2025-11-09', 'afternoon', 'absent', '2025-11-09 14:30:17', '2025-11-09 14:31:46'),
(791, 7, 257, '2021047', '2025-11-09', 'afternoon', 'absent', '2025-11-09 14:30:17', '2025-11-09 14:31:46'),
(792, 7, 222, '2021012', '2025-11-09', 'afternoon', 'absent', '2025-11-09 14:30:17', '2025-11-09 14:31:46'),
(793, 7, 228, '2021018', '2025-11-09', 'afternoon', 'absent', '2025-11-09 14:30:17', '2025-11-09 14:31:46'),
(794, 7, 250, '2021040', '2025-11-09', 'afternoon', 'absent', '2025-11-09 14:30:17', '2025-11-09 14:31:46'),
(795, 7, 237, '2021027', '2025-11-09', 'afternoon', 'absent', '2025-11-09 14:30:17', '2025-11-09 14:31:46'),
(796, 7, 225, '2021015', '2025-11-09', 'afternoon', 'absent', '2025-11-09 14:30:17', '2025-11-09 14:31:46'),
(797, 7, 215, '2021004', '2025-11-09', 'afternoon', 'absent', '2025-11-09 14:30:17', '2025-11-09 14:31:46'),
(798, 7, 235, '2021025', '2025-11-09', 'afternoon', 'absent', '2025-11-09 14:30:17', '2025-11-09 14:31:46'),
(799, 7, 217, '2021007', '2025-11-09', 'afternoon', 'absent', '2025-11-09 14:30:17', '2025-11-09 14:31:46'),
(800, 7, 239, '2021029', '2025-11-09', 'afternoon', 'absent', '2025-11-09 14:30:17', '2025-11-09 14:31:46'),
(801, 7, 243, '2021033', '2025-11-09', 'evening', 'excused', '2025-11-09 14:30:50', '2025-11-09 14:32:08'),
(802, 7, 220, '2021010', '2025-11-09', 'evening', 'present', '2025-11-09 14:30:50', '2025-11-09 14:32:08'),
(803, 7, 244, '2021034', '2025-11-09', 'evening', 'present', '2025-11-09 14:30:50', '2025-11-09 14:32:08'),
(804, 7, 252, '2021042', '2025-11-09', 'evening', 'present', '2025-11-09 14:30:50', '2025-11-09 14:32:08'),
(805, 7, 246, '2021036', '2025-11-09', 'evening', 'excused', '2025-11-09 14:30:50', '2025-11-09 14:32:08'),
(806, 7, 256, '2021046', '2025-11-09', 'evening', 'present', '2025-11-09 14:30:50', '2025-11-09 14:32:08'),
(807, 7, 216, '2021006', '2025-11-09', 'evening', 'present', '2025-11-09 14:30:50', '2025-11-09 14:32:08'),
(808, 7, 212, '2021001', '2025-11-09', 'evening', 'excused', '2025-11-09 14:30:50', '2025-11-09 14:32:08'),
(809, 7, 211, '2021005', '2025-11-09', 'evening', 'present', '2025-11-09 14:30:50', '2025-11-09 14:32:08'),
(810, 7, 255, '2021045', '2025-11-09', 'evening', 'excused', '2025-11-09 14:30:50', '2025-11-09 14:32:08'),
(811, 7, 254, '2021044', '2025-11-09', 'evening', 'present', '2025-11-09 14:30:50', '2025-11-09 14:32:08'),
(812, 7, 229, '2021019', '2025-11-09', 'evening', 'present', '2025-11-09 14:30:50', '2025-11-09 14:32:08'),
(813, 7, 218, '2021008', '2025-11-09', 'evening', 'present', '2025-11-09 14:30:50', '2025-11-09 14:32:08'),
(814, 7, 233, '2021023', '2025-11-09', 'evening', 'excused', '2025-11-09 14:30:50', '2025-11-09 14:32:08'),
(815, 7, 242, '2021032', '2025-11-09', 'evening', 'excused', '2025-11-09 14:30:50', '2025-11-09 14:32:08'),
(816, 7, 238, '2021028', '2025-11-09', 'evening', 'excused', '2025-11-09 14:30:50', '2025-11-09 14:32:08'),
(817, 7, 226, '2021016', '2025-11-09', 'evening', 'excused', '2025-11-09 14:30:50', '2025-11-09 14:32:08'),
(818, 7, 224, '2021014', '2025-11-09', 'evening', 'excused', '2025-11-09 14:30:50', '2025-11-09 14:32:08'),
(819, 7, 214, '2021003', '2025-11-09', 'evening', 'excused', '2025-11-09 14:30:50', '2025-11-09 14:32:08'),
(820, 7, 240, '2021030', '2025-11-09', 'evening', 'excused', '2025-11-09 14:30:50', '2025-11-09 14:32:08'),
(821, 7, 221, '2021011', '2025-11-09', 'evening', 'excused', '2025-11-09 14:30:50', '2025-11-09 14:32:08'),
(822, 7, 236, '2021026', '2025-11-09', 'evening', 'excused', '2025-11-09 14:30:50', '2025-11-09 14:32:08'),
(823, 7, 232, '2021022', '2025-11-09', 'evening', 'excused', '2025-11-09 14:30:50', '2025-11-09 14:32:08'),
(824, 7, 227, '2021017', '2025-11-09', 'evening', 'excused', '2025-11-09 14:30:50', '2025-11-09 14:32:08'),
(825, 7, 230, '2021020', '2025-11-09', 'evening', 'excused', '2025-11-09 14:30:50', '2025-11-09 14:32:08'),
(826, 7, 219, '2021009', '2025-11-09', 'evening', 'excused', '2025-11-09 14:30:50', '2025-11-09 14:32:08'),
(827, 7, 247, '2021037', '2025-11-09', 'evening', 'excused', '2025-11-09 14:30:50', '2025-11-09 14:32:08'),
(828, 7, 223, '2021013', '2025-11-09', 'evening', 'excused', '2025-11-09 14:30:50', '2025-11-09 14:32:08'),
(829, 7, 259, '2021049', '2025-11-09', 'evening', 'present', '2025-11-09 14:30:50', '2025-11-09 14:32:08'),
(830, 7, 245, '2021035', '2025-11-09', 'evening', 'present', '2025-11-09 14:30:50', '2025-11-09 14:32:08'),
(831, 7, 253, '2021043', '2025-11-09', 'evening', 'present', '2025-11-09 14:30:50', '2025-11-09 14:32:08'),
(832, 7, 234, '2021024', '2025-11-09', 'evening', 'excused', '2025-11-09 14:30:50', '2025-11-09 14:32:08'),
(833, 7, 248, '2021038', '2025-11-09', 'evening', 'present', '2025-11-09 14:30:50', '2025-11-09 14:32:08'),
(834, 7, 251, '2021041', '2025-11-09', 'evening', 'present', '2025-11-09 14:30:50', '2025-11-09 14:32:08'),
(835, 7, 260, '2021050', '2025-11-09', 'evening', 'present', '2025-11-09 14:30:50', '2025-11-09 14:32:08'),
(836, 7, 249, '2021039', '2025-11-09', 'evening', 'present', '2025-11-09 14:30:50', '2025-11-09 14:32:08'),
(837, 7, 231, '2021021', '2025-11-09', 'evening', 'present', '2025-11-09 14:30:50', '2025-11-09 14:32:08'),
(838, 7, 258, '2021048', '2025-11-09', 'evening', 'present', '2025-11-09 14:30:50', '2025-11-09 14:32:08'),
(839, 7, 241, '2021031', '2025-11-09', 'evening', 'excused', '2025-11-09 14:30:50', '2025-11-09 14:32:08'),
(840, 7, 213, '2021002', '2025-11-09', 'evening', 'present', '2025-11-09 14:30:50', '2025-11-09 14:32:08'),
(841, 7, 257, '2021047', '2025-11-09', 'evening', 'present', '2025-11-09 14:30:50', '2025-11-09 14:32:08'),
(842, 7, 222, '2021012', '2025-11-09', 'evening', 'excused', '2025-11-09 14:30:50', '2025-11-09 14:32:08'),
(843, 7, 228, '2021018', '2025-11-09', 'evening', 'excused', '2025-11-09 14:30:50', '2025-11-09 14:32:08'),
(844, 7, 250, '2021040', '2025-11-09', 'evening', 'excused', '2025-11-09 14:30:50', '2025-11-09 14:32:08'),
(845, 7, 237, '2021027', '2025-11-09', 'evening', 'excused', '2025-11-09 14:30:50', '2025-11-09 14:32:08'),
(846, 7, 225, '2021015', '2025-11-09', 'evening', 'excused', '2025-11-09 14:30:50', '2025-11-09 14:32:08'),
(847, 7, 215, '2021004', '2025-11-09', 'evening', 'present', '2025-11-09 14:30:50', '2025-11-09 14:32:08'),
(848, 7, 235, '2021025', '2025-11-09', 'evening', 'present', '2025-11-09 14:30:50', '2025-11-09 14:32:08'),
(849, 7, 217, '2021007', '2025-11-09', 'evening', 'present', '2025-11-09 14:30:50', '2025-11-09 14:32:08'),
(850, 7, 239, '2021029', '2025-11-09', 'evening', 'excused', '2025-11-09 14:30:50', '2025-11-09 14:32:08'),
(1001, 6, 262, '2147483647', '2025-11-11', 'morning', 'excused', '2025-11-10 16:49:18', '2025-11-10 17:48:25'),
(1002, 6, 262, '2147483647', '2025-11-11', 'afternoon', 'late', '2025-11-10 17:24:56', '2025-11-10 17:36:11'),
(1013, 7, 243, '2021033', '2025-11-18', 'morning', 'present', '2025-11-18 11:30:38', '2025-11-18 14:34:44'),
(1014, 7, 220, '2021010', '2025-11-18', 'morning', 'present', '2025-11-18 11:30:38', '2025-11-18 14:34:44'),
(1015, 7, 244, '2021034', '2025-11-18', 'morning', 'present', '2025-11-18 11:30:38', '2025-11-18 14:34:44'),
(1016, 7, 261, '100000001', '2025-11-18', 'morning', 'absent', '2025-11-18 11:30:38', '2025-11-18 14:34:44'),
(1017, 7, 252, '2021042', '2025-11-18', 'morning', 'present', '2025-11-18 11:30:38', '2025-11-18 14:34:44'),
(1018, 7, 246, '2021036', '2025-11-18', 'morning', 'present', '2025-11-18 11:30:38', '2025-11-18 14:34:44'),
(1019, 7, 256, '2021046', '2025-11-18', 'morning', 'present', '2025-11-18 11:30:38', '2025-11-18 14:34:44'),
(1020, 7, 216, '2021006', '2025-11-18', 'morning', 'present', '2025-11-18 11:30:38', '2025-11-18 14:34:44'),
(1021, 7, 212, '2021001', '2025-11-18', 'morning', 'present', '2025-11-18 11:30:38', '2025-11-18 14:34:44'),
(1022, 7, 255, '2021045', '2025-11-18', 'morning', 'present', '2025-11-18 11:30:38', '2025-11-18 14:34:44'),
(1023, 7, 254, '2021044', '2025-11-18', 'morning', 'present', '2025-11-18 11:30:38', '2025-11-18 14:34:44'),
(1024, 7, 229, '2021019', '2025-11-18', 'morning', 'present', '2025-11-18 11:30:38', '2025-11-18 14:34:44'),
(1025, 7, 218, '2021008', '2025-11-18', 'morning', 'present', '2025-11-18 11:30:38', '2025-11-18 14:34:44'),
(1026, 7, 233, '2021023', '2025-11-18', 'morning', 'present', '2025-11-18 11:30:38', '2025-11-18 14:34:44'),
(1027, 7, 242, '2021032', '2025-11-18', 'morning', 'present', '2025-11-18 11:30:38', '2025-11-18 14:34:44'),
(1028, 7, 238, '2021028', '2025-11-18', 'morning', 'present', '2025-11-18 11:30:38', '2025-11-18 14:34:44'),
(1029, 7, 226, '2021016', '2025-11-18', 'morning', 'present', '2025-11-18 11:30:38', '2025-11-18 14:34:44'),
(1030, 7, 224, '2021014', '2025-11-18', 'morning', 'present', '2025-11-18 11:30:38', '2025-11-18 14:34:44'),
(1031, 7, 214, '2021003', '2025-11-18', 'morning', 'present', '2025-11-18 11:30:38', '2025-11-18 14:34:44'),
(1032, 7, 240, '2021030', '2025-11-18', 'morning', 'present', '2025-11-18 11:30:38', '2025-11-18 14:34:44'),
(1033, 7, 221, '2021011', '2025-11-18', 'morning', 'present', '2025-11-18 11:30:38', '2025-11-18 14:34:44'),
(1034, 7, 236, '2021026', '2025-11-18', 'morning', 'present', '2025-11-18 11:30:38', '2025-11-18 14:34:44'),
(1035, 7, 232, '2021022', '2025-11-18', 'morning', 'present', '2025-11-18 11:30:38', '2025-11-18 14:34:44'),
(1036, 7, 227, '2021017', '2025-11-18', 'morning', 'present', '2025-11-18 11:30:38', '2025-11-18 14:34:44'),
(1037, 7, 230, '2021020', '2025-11-18', 'morning', 'present', '2025-11-18 11:30:38', '2025-11-18 14:34:44'),
(1038, 7, 219, '2021009', '2025-11-18', 'morning', 'present', '2025-11-18 11:30:38', '2025-11-18 14:34:44'),
(1039, 7, 247, '2021037', '2025-11-18', 'morning', 'present', '2025-11-18 11:30:38', '2025-11-18 14:34:44'),
(1040, 7, 223, '2021013', '2025-11-18', 'morning', 'present', '2025-11-18 11:30:38', '2025-11-18 14:34:44'),
(1041, 7, 259, '2021049', '2025-11-18', 'morning', 'present', '2025-11-18 11:30:38', '2025-11-18 14:34:44'),
(1042, 7, 245, '2021035', '2025-11-18', 'morning', 'present', '2025-11-18 11:30:38', '2025-11-18 14:34:44'),
(1043, 7, 253, '2021043', '2025-11-18', 'morning', 'present', '2025-11-18 11:30:38', '2025-11-18 14:34:44'),
(1044, 7, 234, '2021024', '2025-11-18', 'morning', 'present', '2025-11-18 11:30:38', '2025-11-18 14:34:44'),
(1045, 7, 248, '2021038', '2025-11-18', 'morning', 'present', '2025-11-18 11:30:38', '2025-11-18 14:34:44'),
(1046, 7, 251, '2021041', '2025-11-18', 'morning', 'present', '2025-11-18 11:30:38', '2025-11-18 14:34:44'),
(1047, 7, 260, '2021050', '2025-11-18', 'morning', 'present', '2025-11-18 11:30:38', '2025-11-18 14:34:44'),
(1048, 7, 249, '2021039', '2025-11-18', 'morning', 'present', '2025-11-18 11:30:38', '2025-11-18 14:34:44'),
(1049, 7, 231, '2021021', '2025-11-18', 'morning', 'present', '2025-11-18 11:30:38', '2025-11-18 14:34:44'),
(1050, 7, 258, '2021048', '2025-11-18', 'morning', 'present', '2025-11-18 11:30:38', '2025-11-18 14:34:44'),
(1051, 7, 241, '2021031', '2025-11-18', 'morning', 'present', '2025-11-18 11:30:38', '2025-11-18 14:34:44'),
(1052, 7, 213, '2021002', '2025-11-18', 'morning', 'present', '2025-11-18 11:30:38', '2025-11-18 14:34:44'),
(1053, 7, 257, '2021047', '2025-11-18', 'morning', 'present', '2025-11-18 11:30:38', '2025-11-18 14:34:44'),
(1054, 7, 222, '2021012', '2025-11-18', 'morning', 'present', '2025-11-18 11:30:38', '2025-11-18 14:34:44'),
(1055, 7, 228, '2021018', '2025-11-18', 'morning', 'present', '2025-11-18 11:30:38', '2025-11-18 14:34:44'),
(1056, 7, 250, '2021040', '2025-11-18', 'morning', 'present', '2025-11-18 11:30:38', '2025-11-18 14:34:44'),
(1057, 7, 237, '2021027', '2025-11-18', 'morning', 'present', '2025-11-18 11:30:38', '2025-11-18 14:34:44'),
(1058, 7, 225, '2021015', '2025-11-18', 'morning', 'present', '2025-11-18 11:30:38', '2025-11-18 14:34:44'),
(1059, 7, 215, '2021004', '2025-11-18', 'morning', 'present', '2025-11-18 11:30:38', '2025-11-18 14:34:44'),
(1060, 7, 235, '2021025', '2025-11-18', 'morning', 'present', '2025-11-18 11:30:38', '2025-11-18 14:34:44'),
(1061, 7, 217, '2021007', '2025-11-18', 'morning', 'present', '2025-11-18 11:30:38', '2025-11-18 14:34:44'),
(1062, 7, 239, '2021029', '2025-11-18', 'morning', 'present', '2025-11-18 11:30:38', '2025-11-18 14:34:44'),
(1163, 6, 262, '2147483647', '2025-11-18', 'morning', 'absent', '2025-11-18 13:05:07', '2025-11-18 14:17:42'),
(1173, 7, 263, '2147483647', '2025-11-18', 'morning', 'late', '2025-11-18 13:06:20', '2025-11-18 14:34:44');

-- --------------------------------------------------------

--
-- Table structure for table `calculated_grades`
--

CREATE TABLE `calculated_grades` (
  `id` int(11) NOT NULL,
  `class_id` int(11) NOT NULL,
  `teacher_email` varchar(255) NOT NULL,
  `student_number` int(11) NOT NULL,
  `prelim` float DEFAULT NULL,
  `midterm` float DEFAULT NULL,
  `finals` float DEFAULT NULL,
  `final_grade` float DEFAULT NULL,
  `created_at` datetime NOT NULL,
  `updated_at` datetime NOT NULL
) ENGINE=InnoDB DEFAULT CHARSET=utf8mb4 COLLATE=utf8mb4_general_ci;

--
-- Dumping data for table `calculated_grades`
--

INSERT INTO `calculated_grades` (`id`, `class_id`, `teacher_email`, `student_number`, `prelim`, `midterm`, `finals`, `final_grade`, `created_at`, `updated_at`) VALUES
(327, 7, 'dumaraograffie@sac.edu.ph', 2021001, 85.5, 87, 89.25, 87.25, '2025-12-01 19:50:14', '2025-12-01 19:50:14'),
(328, 7, 'dumaraograffie@sac.edu.ph', 2021002, 92, 94.5, 91.75, 92.75, '2025-12-01 19:50:14', '2025-12-01 19:50:14'),
(329, 7, 'dumaraograffie@sac.edu.ph', 2021003, 78.5, 81, 82.5, 80.67, '2025-12-01 19:50:14', '2025-12-01 19:50:14'),
(330, 7, 'dumaraograffie@sac.edu.ph', 2021004, 88, 86.5, 90, 88.17, '2025-12-01 19:50:14', '2025-12-01 19:50:14'),
(331, 7, 'dumaraograffie@sac.edu.ph', 2021005, 95, 93.5, 96.5, 95, '2025-12-01 19:50:14', '2025-12-01 19:50:14'),
(332, 7, 'dumaraograffie@sac.edu.ph', 2021006, 82, 84.5, 86, 84.17, '2025-12-01 19:50:14', '2025-12-01 19:50:14'),
(333, 7, 'dumaraograffie@sac.edu.ph', 2021007, 76.5, 78, 79.5, 78, '2025-12-01 19:50:14', '2025-12-01 19:50:14'),
(334, 7, 'dumaraograffie@sac.edu.ph', 2021008, 91, 89.5, 92, 90.83, '2025-12-01 19:50:14', '2025-12-01 19:50:14'),
(335, 7, 'dumaraograffie@sac.edu.ph', 2021009, 85, 86, 87.5, 86.17, '2025-12-01 19:50:14', '2025-12-01 19:50:14'),
(336, 7, 'dumaraograffie@sac.edu.ph', 2021010, 89.5, 91, 90.5, 90.33, '2025-12-01 19:50:14', '2025-12-01 19:50:14'),
(337, 7, 'dumaraograffie@sac.edu.ph', 2021011, 84, 85.5, 87, 85.5, '2025-12-01 19:50:14', '2025-12-01 19:50:14'),
(338, 7, 'dumaraograffie@sac.edu.ph', 2021012, 90, 88.5, 91.5, 90, '2025-12-01 19:50:14', '2025-12-01 19:50:14'),
(339, 7, 'dumaraograffie@sac.edu.ph', 2021013, 79, 80.5, 82, 80.5, '2025-12-01 19:50:14', '2025-12-01 19:50:14'),
(340, 7, 'dumaraograffie@sac.edu.ph', 2021014, 87.5, 89, 88.5, 88.33, '2025-12-01 19:50:14', '2025-12-01 19:50:14'),
(341, 7, 'dumaraograffie@sac.edu.ph', 2021015, 93, 91.5, 94, 92.83, '2025-12-01 19:50:14', '2025-12-01 19:50:14'),
(342, 7, 'dumaraograffie@sac.edu.ph', 2021016, 81.5, 83, 85.5, 83.33, '2025-12-01 19:50:14', '2025-12-01 19:50:14'),
(343, 7, 'dumaraograffie@sac.edu.ph', 2021017, 86, 87.5, 89, 87.5, '2025-12-01 19:50:14', '2025-12-01 19:50:14'),
(344, 7, 'dumaraograffie@sac.edu.ph', 2021018, 88.5, 90, 89.5, 89.33, '2025-12-01 19:50:14', '2025-12-01 19:50:14'),
(345, 7, 'dumaraograffie@sac.edu.ph', 2021019, 92.5, 94, 93.5, 93.33, '2025-12-01 19:50:14', '2025-12-01 19:50:14'),
(346, 7, 'dumaraograffie@sac.edu.ph', 2021020, 80, 82.5, 84, 82.17, '2025-12-01 19:50:14', '2025-12-01 19:50:14'),
(347, 7, 'dumaraograffie@sac.edu.ph', 2021021, 85.5, 87, 88.5, 87, '2025-12-01 19:50:14', '2025-12-01 19:50:14'),
(348, 7, 'dumaraograffie@sac.edu.ph', 2021022, 89, 91.5, 90, 90.17, '2025-12-01 19:50:14', '2025-12-01 19:50:14'),
(349, 7, 'dumaraograffie@sac.edu.ph', 2021023, 77.5, 79, 81.5, 79.33, '2025-12-01 19:50:14', '2025-12-01 19:50:14'),
(350, 7, 'dumaraograffie@sac.edu.ph', 2021024, 84.5, 86, 88, 86.17, '2025-12-01 19:50:14', '2025-12-01 19:50:14'),
(351, 7, 'dumaraograffie@sac.edu.ph', 2021025, 91.5, 93, 92.5, 92.33, '2025-12-01 19:50:14', '2025-12-01 19:50:14'),
(352, 7, 'dumaraograffie@sac.edu.ph', 2021026, 82.5, 84, 86.5, 84.33, '2025-12-01 19:50:14', '2025-12-01 19:50:14'),
(353, 7, 'dumaraograffie@sac.edu.ph', 2021027, 87, 88.5, 90, 88.5, '2025-12-01 19:50:14', '2025-12-01 19:50:14'),
(354, 7, 'dumaraograffie@sac.edu.ph', 2021028, 90.5, 92, 91.5, 91.33, '2025-12-01 19:50:14', '2025-12-01 19:50:14'),
(355, 7, 'dumaraograffie@sac.edu.ph', 2021029, 78, 79.5, 81, 79.5, '2025-12-01 19:50:14', '2025-12-01 19:50:14'),
(356, 7, 'dumaraograffie@sac.edu.ph', 2021030, 86.5, 88, 89.5, 88, '2025-12-01 19:50:14', '2025-12-01 19:50:14'),
(357, 7, 'dumaraograffie@sac.edu.ph', 2021031, 83, 84.5, 86, 84.5, '2025-12-01 19:50:14', '2025-12-01 19:50:14'),
(358, 7, 'dumaraograffie@sac.edu.ph', 2021032, 89.5, 91, 90.5, 90.33, '2025-12-01 19:50:14', '2025-12-01 19:50:14'),
(359, 7, 'dumaraograffie@sac.edu.ph', 2021033, 80.5, 82, 84.5, 82.33, '2025-12-01 19:50:14', '2025-12-01 19:50:14'),
(360, 7, 'dumaraograffie@sac.edu.ph', 2021034, 87.5, 89, 88.5, 88.33, '2025-12-01 19:50:14', '2025-12-01 19:50:14'),
(361, 7, 'dumaraograffie@sac.edu.ph', 2021035, 85, 86.5, 88, 86.5, '2025-12-01 19:50:14', '2025-12-01 19:50:14'),
(362, 7, 'dumaraograffie@sac.edu.ph', 2021036, 91, 92.5, 91.5, 91.67, '2025-12-01 19:50:14', '2025-12-01 19:50:14'),
(363, 7, 'dumaraograffie@sac.edu.ph', 2021037, 83.5, 85, 86.5, 85, '2025-12-01 19:50:14', '2025-12-01 19:50:14'),
(364, 7, 'dumaraograffie@sac.edu.ph', 2021038, 88, 89.5, 90, 89.17, '2025-12-01 19:50:14', '2025-12-01 19:50:14'),
(365, 7, 'dumaraograffie@sac.edu.ph', 2021039, 92, 94.5, 93.5, 93.33, '2025-12-01 19:50:14', '2025-12-01 19:50:14'),
(366, 7, 'dumaraograffie@sac.edu.ph', 2021040, 79.5, 81, 82.5, 81, '2025-12-01 19:50:14', '2025-12-01 19:50:14'),
(367, 7, 'dumaraograffie@sac.edu.ph', 2021041, 86, 87.5, 89, 87.5, '2025-12-01 19:50:14', '2025-12-01 19:50:14'),
(368, 7, 'dumaraograffie@sac.edu.ph', 2021042, 90, 91.5, 90.5, 90.67, '2025-12-01 19:50:14', '2025-12-01 19:50:14'),
(369, 7, 'dumaraograffie@sac.edu.ph', 2021043, 81, 82.5, 84, 82.5, '2025-12-01 19:50:14', '2025-12-01 19:50:14'),
(370, 7, 'dumaraograffie@sac.edu.ph', 2021044, 87.5, 89, 88.5, 88.33, '2025-12-01 19:50:14', '2025-12-01 19:50:14'),
(371, 7, 'dumaraograffie@sac.edu.ph', 2021045, 93.5, 95, 94.5, 94.33, '2025-12-01 19:50:14', '2025-12-01 19:50:14'),
(372, 7, 'dumaraograffie@sac.edu.ph', 2021046, 82, 83.5, 85, 83.5, '2025-12-01 19:50:14', '2025-12-01 19:50:14'),
(373, 7, 'dumaraograffie@sac.edu.ph', 2021047, 86.5, 88, 89.5, 88, '2025-12-01 19:50:14', '2025-12-01 19:50:14'),
(374, 7, 'dumaraograffie@sac.edu.ph', 2021048, 89, 90.5, 91, 90.17, '2025-12-01 19:50:14', '2025-12-01 19:50:14'),
(375, 7, 'dumaraograffie@sac.edu.ph', 2021049, 80, 81.5, 83, 81.5, '2025-12-01 19:50:14', '2025-12-01 19:50:14'),
(376, 7, 'dumaraograffie@sac.edu.ph', 2021050, 85.5, 87, 88.5, 87, '2025-12-01 19:50:14', '2025-12-01 19:50:14'),
(377, 7, 'dumaraograffie@sac.edu.ph', 100000001, 89.95, 89.95, 89.95, 89.95, '2025-12-01 19:50:37', '2025-12-01 20:10:56');

-- --------------------------------------------------------

--
-- Table structure for table `classes`
--

CREATE TABLE `classes` (
  `id` int(11) NOT NULL,
  `class_name` varchar(255) NOT NULL,
  `section` varchar(255) NOT NULL,
  `term` varchar(255) NOT NULL,
  `user_email` varchar(255) NOT NULL,
  `archived` int(11) NOT NULL,
  `created_at` timestamp NOT NULL DEFAULT current_timestamp()
) ENGINE=InnoDB DEFAULT CHARSET=utf8mb4 COLLATE=utf8mb4_general_ci;

--
-- Dumping data for table `classes`
--

INSERT INTO `classes` (`id`, `class_name`, `section`, `term`, `user_email`, `archived`, `created_at`) VALUES
(5, 'Class 1', 'Section A', '1st Semester', 'dumaraograffie@sac.edu.ph', 1, '2025-11-03 17:40:46'),
(6, 'Class 2', 'Section B', '2nd Semester', 'dumaraograffie@sac.edu.ph', 0, '2025-11-03 17:47:16'),
(7, 'Class 3', 'Section 2', '1st Semester', 'dumaraograffie@sac.edu.ph', 0, '2025-11-06 08:05:30');

-- --------------------------------------------------------

--
-- Table structure for table `grades`
--

CREATE TABLE `grades` (
  `id` int(11) NOT NULL,
  `class_id` varchar(255) NOT NULL,
  `teacher_email` varchar(255) NOT NULL,
  `student_number` int(11) NOT NULL,
  `class_standing` float NOT NULL,
  `exam` float NOT NULL,
  `term` varchar(255) NOT NULL,
  `created_at` datetime NOT NULL,
  `updated_at` datetime NOT NULL
) ENGINE=InnoDB DEFAULT CHARSET=utf8mb4 COLLATE=utf8mb4_general_ci;

--
-- Dumping data for table `grades`
--

INSERT INTO `grades` (`id`, `class_id`, `teacher_email`, `student_number`, `class_standing`, `exam`, `term`, `created_at`, `updated_at`) VALUES
(954, '7', 'dumaraograffie@sac.edu.ph', 2021001, 85.5, 85.5, 'Prelim', '2025-12-01 19:50:14', '2025-12-01 19:50:14'),
(955, '7', 'dumaraograffie@sac.edu.ph', 2021001, 87, 87, 'Midterm', '2025-12-01 19:50:14', '2025-12-01 19:50:14'),
(956, '7', 'dumaraograffie@sac.edu.ph', 2021001, 89.25, 89.25, 'Finals', '2025-12-01 19:50:14', '2025-12-01 19:50:14'),
(957, '7', 'dumaraograffie@sac.edu.ph', 2021002, 92, 92, 'Prelim', '2025-12-01 19:50:14', '2025-12-01 19:50:14'),
(958, '7', 'dumaraograffie@sac.edu.ph', 2021002, 94.5, 94.5, 'Midterm', '2025-12-01 19:50:14', '2025-12-01 19:50:14'),
(959, '7', 'dumaraograffie@sac.edu.ph', 2021002, 91.75, 91.75, 'Finals', '2025-12-01 19:50:14', '2025-12-01 19:50:14'),
(960, '7', 'dumaraograffie@sac.edu.ph', 2021003, 78.5, 78.5, 'Prelim', '2025-12-01 19:50:14', '2025-12-01 19:50:14'),
(961, '7', 'dumaraograffie@sac.edu.ph', 2021003, 81, 81, 'Midterm', '2025-12-01 19:50:14', '2025-12-01 19:50:14'),
(962, '7', 'dumaraograffie@sac.edu.ph', 2021003, 82.5, 82.5, 'Finals', '2025-12-01 19:50:14', '2025-12-01 19:50:14'),
(963, '7', 'dumaraograffie@sac.edu.ph', 2021004, 88, 88, 'Prelim', '2025-12-01 19:50:14', '2025-12-01 19:50:14'),
(964, '7', 'dumaraograffie@sac.edu.ph', 2021004, 86.5, 86.5, 'Midterm', '2025-12-01 19:50:14', '2025-12-01 19:50:14'),
(965, '7', 'dumaraograffie@sac.edu.ph', 2021004, 90, 90, 'Finals', '2025-12-01 19:50:14', '2025-12-01 19:50:14'),
(966, '7', 'dumaraograffie@sac.edu.ph', 2021005, 95, 95, 'Prelim', '2025-12-01 19:50:14', '2025-12-01 19:50:14'),
(967, '7', 'dumaraograffie@sac.edu.ph', 2021005, 93.5, 93.5, 'Midterm', '2025-12-01 19:50:14', '2025-12-01 19:50:14'),
(968, '7', 'dumaraograffie@sac.edu.ph', 2021005, 96.5, 96.5, 'Finals', '2025-12-01 19:50:14', '2025-12-01 19:50:14'),
(969, '7', 'dumaraograffie@sac.edu.ph', 2021006, 82, 82, 'Prelim', '2025-12-01 19:50:14', '2025-12-01 19:50:14'),
(970, '7', 'dumaraograffie@sac.edu.ph', 2021006, 84.5, 84.5, 'Midterm', '2025-12-01 19:50:14', '2025-12-01 19:50:14'),
(971, '7', 'dumaraograffie@sac.edu.ph', 2021006, 86, 86, 'Finals', '2025-12-01 19:50:14', '2025-12-01 19:50:14'),
(972, '7', 'dumaraograffie@sac.edu.ph', 2021007, 76.5, 76.5, 'Prelim', '2025-12-01 19:50:14', '2025-12-01 19:50:14'),
(973, '7', 'dumaraograffie@sac.edu.ph', 2021007, 78, 78, 'Midterm', '2025-12-01 19:50:14', '2025-12-01 19:50:14'),
(974, '7', 'dumaraograffie@sac.edu.ph', 2021007, 79.5, 79.5, 'Finals', '2025-12-01 19:50:14', '2025-12-01 19:50:14'),
(975, '7', 'dumaraograffie@sac.edu.ph', 2021008, 91, 91, 'Prelim', '2025-12-01 19:50:14', '2025-12-01 19:50:14'),
(976, '7', 'dumaraograffie@sac.edu.ph', 2021008, 89.5, 89.5, 'Midterm', '2025-12-01 19:50:14', '2025-12-01 19:50:14'),
(977, '7', 'dumaraograffie@sac.edu.ph', 2021008, 92, 92, 'Finals', '2025-12-01 19:50:14', '2025-12-01 19:50:14'),
(978, '7', 'dumaraograffie@sac.edu.ph', 2021009, 85, 85, 'Prelim', '2025-12-01 19:50:14', '2025-12-01 19:50:14'),
(979, '7', 'dumaraograffie@sac.edu.ph', 2021009, 86, 86, 'Midterm', '2025-12-01 19:50:14', '2025-12-01 19:50:14'),
(980, '7', 'dumaraograffie@sac.edu.ph', 2021009, 87.5, 87.5, 'Finals', '2025-12-01 19:50:14', '2025-12-01 19:50:14'),
(981, '7', 'dumaraograffie@sac.edu.ph', 2021010, 89.5, 89.5, 'Prelim', '2025-12-01 19:50:14', '2025-12-01 19:50:14'),
(982, '7', 'dumaraograffie@sac.edu.ph', 2021010, 91, 91, 'Midterm', '2025-12-01 19:50:14', '2025-12-01 19:50:14'),
(983, '7', 'dumaraograffie@sac.edu.ph', 2021010, 90.5, 90.5, 'Finals', '2025-12-01 19:50:14', '2025-12-01 19:50:14'),
(984, '7', 'dumaraograffie@sac.edu.ph', 2021011, 84, 84, 'Prelim', '2025-12-01 19:50:14', '2025-12-01 19:50:14'),
(985, '7', 'dumaraograffie@sac.edu.ph', 2021011, 85.5, 85.5, 'Midterm', '2025-12-01 19:50:14', '2025-12-01 19:50:14'),
(986, '7', 'dumaraograffie@sac.edu.ph', 2021011, 87, 87, 'Finals', '2025-12-01 19:50:14', '2025-12-01 19:50:14'),
(987, '7', 'dumaraograffie@sac.edu.ph', 2021012, 90, 90, 'Prelim', '2025-12-01 19:50:14', '2025-12-01 19:50:14'),
(988, '7', 'dumaraograffie@sac.edu.ph', 2021012, 88.5, 88.5, 'Midterm', '2025-12-01 19:50:14', '2025-12-01 19:50:14'),
(989, '7', 'dumaraograffie@sac.edu.ph', 2021012, 91.5, 91.5, 'Finals', '2025-12-01 19:50:14', '2025-12-01 19:50:14'),
(990, '7', 'dumaraograffie@sac.edu.ph', 2021013, 79, 79, 'Prelim', '2025-12-01 19:50:14', '2025-12-01 19:50:14'),
(991, '7', 'dumaraograffie@sac.edu.ph', 2021013, 80.5, 80.5, 'Midterm', '2025-12-01 19:50:14', '2025-12-01 19:50:14'),
(992, '7', 'dumaraograffie@sac.edu.ph', 2021013, 82, 82, 'Finals', '2025-12-01 19:50:14', '2025-12-01 19:50:14'),
(993, '7', 'dumaraograffie@sac.edu.ph', 2021014, 87.5, 87.5, 'Prelim', '2025-12-01 19:50:14', '2025-12-01 19:50:14'),
(994, '7', 'dumaraograffie@sac.edu.ph', 2021014, 89, 89, 'Midterm', '2025-12-01 19:50:14', '2025-12-01 19:50:14'),
(995, '7', 'dumaraograffie@sac.edu.ph', 2021014, 88.5, 88.5, 'Finals', '2025-12-01 19:50:14', '2025-12-01 19:50:14'),
(996, '7', 'dumaraograffie@sac.edu.ph', 2021015, 93, 93, 'Prelim', '2025-12-01 19:50:14', '2025-12-01 19:50:14'),
(997, '7', 'dumaraograffie@sac.edu.ph', 2021015, 91.5, 91.5, 'Midterm', '2025-12-01 19:50:14', '2025-12-01 19:50:14'),
(998, '7', 'dumaraograffie@sac.edu.ph', 2021015, 94, 94, 'Finals', '2025-12-01 19:50:14', '2025-12-01 19:50:14'),
(999, '7', 'dumaraograffie@sac.edu.ph', 2021016, 81.5, 81.5, 'Prelim', '2025-12-01 19:50:14', '2025-12-01 19:50:14'),
(1000, '7', 'dumaraograffie@sac.edu.ph', 2021016, 83, 83, 'Midterm', '2025-12-01 19:50:14', '2025-12-01 19:50:14'),
(1001, '7', 'dumaraograffie@sac.edu.ph', 2021016, 85.5, 85.5, 'Finals', '2025-12-01 19:50:14', '2025-12-01 19:50:14'),
(1002, '7', 'dumaraograffie@sac.edu.ph', 2021017, 86, 86, 'Prelim', '2025-12-01 19:50:14', '2025-12-01 19:50:14'),
(1003, '7', 'dumaraograffie@sac.edu.ph', 2021017, 87.5, 87.5, 'Midterm', '2025-12-01 19:50:14', '2025-12-01 19:50:14'),
(1004, '7', 'dumaraograffie@sac.edu.ph', 2021017, 89, 89, 'Finals', '2025-12-01 19:50:14', '2025-12-01 19:50:14'),
(1005, '7', 'dumaraograffie@sac.edu.ph', 2021018, 88.5, 88.5, 'Prelim', '2025-12-01 19:50:14', '2025-12-01 19:50:14'),
(1006, '7', 'dumaraograffie@sac.edu.ph', 2021018, 90, 90, 'Midterm', '2025-12-01 19:50:14', '2025-12-01 19:50:14'),
(1007, '7', 'dumaraograffie@sac.edu.ph', 2021018, 89.5, 89.5, 'Finals', '2025-12-01 19:50:14', '2025-12-01 19:50:14'),
(1008, '7', 'dumaraograffie@sac.edu.ph', 2021019, 92.5, 92.5, 'Prelim', '2025-12-01 19:50:14', '2025-12-01 19:50:14'),
(1009, '7', 'dumaraograffie@sac.edu.ph', 2021019, 94, 94, 'Midterm', '2025-12-01 19:50:14', '2025-12-01 19:50:14'),
(1010, '7', 'dumaraograffie@sac.edu.ph', 2021019, 93.5, 93.5, 'Finals', '2025-12-01 19:50:14', '2025-12-01 19:50:14'),
(1011, '7', 'dumaraograffie@sac.edu.ph', 2021020, 80, 80, 'Prelim', '2025-12-01 19:50:14', '2025-12-01 19:50:14'),
(1012, '7', 'dumaraograffie@sac.edu.ph', 2021020, 82.5, 82.5, 'Midterm', '2025-12-01 19:50:14', '2025-12-01 19:50:14'),
(1013, '7', 'dumaraograffie@sac.edu.ph', 2021020, 84, 84, 'Finals', '2025-12-01 19:50:14', '2025-12-01 19:50:14'),
(1014, '7', 'dumaraograffie@sac.edu.ph', 2021021, 85.5, 85.5, 'Prelim', '2025-12-01 19:50:14', '2025-12-01 19:50:14'),
(1015, '7', 'dumaraograffie@sac.edu.ph', 2021021, 87, 87, 'Midterm', '2025-12-01 19:50:14', '2025-12-01 19:50:14'),
(1016, '7', 'dumaraograffie@sac.edu.ph', 2021021, 88.5, 88.5, 'Finals', '2025-12-01 19:50:14', '2025-12-01 19:50:14'),
(1017, '7', 'dumaraograffie@sac.edu.ph', 2021022, 89, 89, 'Prelim', '2025-12-01 19:50:14', '2025-12-01 19:50:14'),
(1018, '7', 'dumaraograffie@sac.edu.ph', 2021022, 91.5, 91.5, 'Midterm', '2025-12-01 19:50:14', '2025-12-01 19:50:14'),
(1019, '7', 'dumaraograffie@sac.edu.ph', 2021022, 90, 90, 'Finals', '2025-12-01 19:50:14', '2025-12-01 19:50:14'),
(1020, '7', 'dumaraograffie@sac.edu.ph', 2021023, 77.5, 77.5, 'Prelim', '2025-12-01 19:50:14', '2025-12-01 19:50:14'),
(1021, '7', 'dumaraograffie@sac.edu.ph', 2021023, 79, 79, 'Midterm', '2025-12-01 19:50:14', '2025-12-01 19:50:14'),
(1022, '7', 'dumaraograffie@sac.edu.ph', 2021023, 81.5, 81.5, 'Finals', '2025-12-01 19:50:14', '2025-12-01 19:50:14'),
(1023, '7', 'dumaraograffie@sac.edu.ph', 2021024, 84.5, 84.5, 'Prelim', '2025-12-01 19:50:14', '2025-12-01 19:50:14'),
(1024, '7', 'dumaraograffie@sac.edu.ph', 2021024, 86, 86, 'Midterm', '2025-12-01 19:50:14', '2025-12-01 19:50:14'),
(1025, '7', 'dumaraograffie@sac.edu.ph', 2021024, 88, 88, 'Finals', '2025-12-01 19:50:14', '2025-12-01 19:50:14'),
(1026, '7', 'dumaraograffie@sac.edu.ph', 2021025, 91.5, 91.5, 'Prelim', '2025-12-01 19:50:14', '2025-12-01 19:50:14'),
(1027, '7', 'dumaraograffie@sac.edu.ph', 2021025, 93, 93, 'Midterm', '2025-12-01 19:50:14', '2025-12-01 19:50:14'),
(1028, '7', 'dumaraograffie@sac.edu.ph', 2021025, 92.5, 92.5, 'Finals', '2025-12-01 19:50:14', '2025-12-01 19:50:14'),
(1029, '7', 'dumaraograffie@sac.edu.ph', 2021026, 82.5, 82.5, 'Prelim', '2025-12-01 19:50:14', '2025-12-01 19:50:14'),
(1030, '7', 'dumaraograffie@sac.edu.ph', 2021026, 84, 84, 'Midterm', '2025-12-01 19:50:14', '2025-12-01 19:50:14'),
(1031, '7', 'dumaraograffie@sac.edu.ph', 2021026, 86.5, 86.5, 'Finals', '2025-12-01 19:50:14', '2025-12-01 19:50:14'),
(1032, '7', 'dumaraograffie@sac.edu.ph', 2021027, 87, 87, 'Prelim', '2025-12-01 19:50:14', '2025-12-01 19:50:14'),
(1033, '7', 'dumaraograffie@sac.edu.ph', 2021027, 88.5, 88.5, 'Midterm', '2025-12-01 19:50:14', '2025-12-01 19:50:14'),
(1034, '7', 'dumaraograffie@sac.edu.ph', 2021027, 90, 90, 'Finals', '2025-12-01 19:50:14', '2025-12-01 19:50:14'),
(1035, '7', 'dumaraograffie@sac.edu.ph', 2021028, 90.5, 90.5, 'Prelim', '2025-12-01 19:50:14', '2025-12-01 19:50:14'),
(1036, '7', 'dumaraograffie@sac.edu.ph', 2021028, 92, 92, 'Midterm', '2025-12-01 19:50:14', '2025-12-01 19:50:14'),
(1037, '7', 'dumaraograffie@sac.edu.ph', 2021028, 91.5, 91.5, 'Finals', '2025-12-01 19:50:14', '2025-12-01 19:50:14'),
(1038, '7', 'dumaraograffie@sac.edu.ph', 2021029, 78, 78, 'Prelim', '2025-12-01 19:50:14', '2025-12-01 19:50:14'),
(1039, '7', 'dumaraograffie@sac.edu.ph', 2021029, 79.5, 79.5, 'Midterm', '2025-12-01 19:50:14', '2025-12-01 19:50:14'),
(1040, '7', 'dumaraograffie@sac.edu.ph', 2021029, 81, 81, 'Finals', '2025-12-01 19:50:14', '2025-12-01 19:50:14'),
(1041, '7', 'dumaraograffie@sac.edu.ph', 2021030, 86.5, 86.5, 'Prelim', '2025-12-01 19:50:14', '2025-12-01 19:50:14'),
(1042, '7', 'dumaraograffie@sac.edu.ph', 2021030, 88, 88, 'Midterm', '2025-12-01 19:50:14', '2025-12-01 19:50:14'),
(1043, '7', 'dumaraograffie@sac.edu.ph', 2021030, 89.5, 89.5, 'Finals', '2025-12-01 19:50:14', '2025-12-01 19:50:14'),
(1044, '7', 'dumaraograffie@sac.edu.ph', 2021031, 83, 83, 'Prelim', '2025-12-01 19:50:14', '2025-12-01 19:50:14'),
(1045, '7', 'dumaraograffie@sac.edu.ph', 2021031, 84.5, 84.5, 'Midterm', '2025-12-01 19:50:14', '2025-12-01 19:50:14'),
(1046, '7', 'dumaraograffie@sac.edu.ph', 2021031, 86, 86, 'Finals', '2025-12-01 19:50:14', '2025-12-01 19:50:14'),
(1047, '7', 'dumaraograffie@sac.edu.ph', 2021032, 89.5, 89.5, 'Prelim', '2025-12-01 19:50:14', '2025-12-01 19:50:14'),
(1048, '7', 'dumaraograffie@sac.edu.ph', 2021032, 91, 91, 'Midterm', '2025-12-01 19:50:14', '2025-12-01 19:50:14'),
(1049, '7', 'dumaraograffie@sac.edu.ph', 2021032, 90.5, 90.5, 'Finals', '2025-12-01 19:50:14', '2025-12-01 19:50:14'),
(1050, '7', 'dumaraograffie@sac.edu.ph', 2021033, 80.5, 80.5, 'Prelim', '2025-12-01 19:50:14', '2025-12-01 19:50:14'),
(1051, '7', 'dumaraograffie@sac.edu.ph', 2021033, 82, 82, 'Midterm', '2025-12-01 19:50:14', '2025-12-01 19:50:14'),
(1052, '7', 'dumaraograffie@sac.edu.ph', 2021033, 84.5, 84.5, 'Finals', '2025-12-01 19:50:14', '2025-12-01 19:50:14'),
(1053, '7', 'dumaraograffie@sac.edu.ph', 2021034, 87.5, 87.5, 'Prelim', '2025-12-01 19:50:14', '2025-12-01 19:50:14'),
(1054, '7', 'dumaraograffie@sac.edu.ph', 2021034, 89, 89, 'Midterm', '2025-12-01 19:50:14', '2025-12-01 19:50:14'),
(1055, '7', 'dumaraograffie@sac.edu.ph', 2021034, 88.5, 88.5, 'Finals', '2025-12-01 19:50:14', '2025-12-01 19:50:14'),
(1056, '7', 'dumaraograffie@sac.edu.ph', 2021035, 85, 85, 'Prelim', '2025-12-01 19:50:14', '2025-12-01 19:50:14'),
(1057, '7', 'dumaraograffie@sac.edu.ph', 2021035, 86.5, 86.5, 'Midterm', '2025-12-01 19:50:14', '2025-12-01 19:50:14'),
(1058, '7', 'dumaraograffie@sac.edu.ph', 2021035, 88, 88, 'Finals', '2025-12-01 19:50:14', '2025-12-01 19:50:14'),
(1059, '7', 'dumaraograffie@sac.edu.ph', 2021036, 91, 91, 'Prelim', '2025-12-01 19:50:14', '2025-12-01 19:50:14'),
(1060, '7', 'dumaraograffie@sac.edu.ph', 2021036, 92.5, 92.5, 'Midterm', '2025-12-01 19:50:14', '2025-12-01 19:50:14'),
(1061, '7', 'dumaraograffie@sac.edu.ph', 2021036, 91.5, 91.5, 'Finals', '2025-12-01 19:50:14', '2025-12-01 19:50:14'),
(1062, '7', 'dumaraograffie@sac.edu.ph', 2021037, 83.5, 83.5, 'Prelim', '2025-12-01 19:50:14', '2025-12-01 19:50:14'),
(1063, '7', 'dumaraograffie@sac.edu.ph', 2021037, 85, 85, 'Midterm', '2025-12-01 19:50:14', '2025-12-01 19:50:14'),
(1064, '7', 'dumaraograffie@sac.edu.ph', 2021037, 86.5, 86.5, 'Finals', '2025-12-01 19:50:14', '2025-12-01 19:50:14'),
(1065, '7', 'dumaraograffie@sac.edu.ph', 2021038, 88, 88, 'Prelim', '2025-12-01 19:50:14', '2025-12-01 19:50:14'),
(1066, '7', 'dumaraograffie@sac.edu.ph', 2021038, 89.5, 89.5, 'Midterm', '2025-12-01 19:50:14', '2025-12-01 19:50:14'),
(1067, '7', 'dumaraograffie@sac.edu.ph', 2021038, 90, 90, 'Finals', '2025-12-01 19:50:14', '2025-12-01 19:50:14'),
(1068, '7', 'dumaraograffie@sac.edu.ph', 2021039, 92, 92, 'Prelim', '2025-12-01 19:50:14', '2025-12-01 19:50:14'),
(1069, '7', 'dumaraograffie@sac.edu.ph', 2021039, 94.5, 94.5, 'Midterm', '2025-12-01 19:50:14', '2025-12-01 19:50:14'),
(1070, '7', 'dumaraograffie@sac.edu.ph', 2021039, 93.5, 93.5, 'Finals', '2025-12-01 19:50:14', '2025-12-01 19:50:14'),
(1071, '7', 'dumaraograffie@sac.edu.ph', 2021040, 79.5, 79.5, 'Prelim', '2025-12-01 19:50:14', '2025-12-01 19:50:14'),
(1072, '7', 'dumaraograffie@sac.edu.ph', 2021040, 81, 81, 'Midterm', '2025-12-01 19:50:14', '2025-12-01 19:50:14'),
(1073, '7', 'dumaraograffie@sac.edu.ph', 2021040, 82.5, 82.5, 'Finals', '2025-12-01 19:50:14', '2025-12-01 19:50:14'),
(1074, '7', 'dumaraograffie@sac.edu.ph', 2021041, 86, 86, 'Prelim', '2025-12-01 19:50:14', '2025-12-01 19:50:14'),
(1075, '7', 'dumaraograffie@sac.edu.ph', 2021041, 87.5, 87.5, 'Midterm', '2025-12-01 19:50:14', '2025-12-01 19:50:14'),
(1076, '7', 'dumaraograffie@sac.edu.ph', 2021041, 89, 89, 'Finals', '2025-12-01 19:50:14', '2025-12-01 19:50:14'),
(1077, '7', 'dumaraograffie@sac.edu.ph', 2021042, 90, 90, 'Prelim', '2025-12-01 19:50:14', '2025-12-01 19:50:14'),
(1078, '7', 'dumaraograffie@sac.edu.ph', 2021042, 91.5, 91.5, 'Midterm', '2025-12-01 19:50:14', '2025-12-01 19:50:14'),
(1079, '7', 'dumaraograffie@sac.edu.ph', 2021042, 90.5, 90.5, 'Finals', '2025-12-01 19:50:14', '2025-12-01 19:50:14'),
(1080, '7', 'dumaraograffie@sac.edu.ph', 2021043, 81, 81, 'Prelim', '2025-12-01 19:50:14', '2025-12-01 19:50:14'),
(1081, '7', 'dumaraograffie@sac.edu.ph', 2021043, 82.5, 82.5, 'Midterm', '2025-12-01 19:50:14', '2025-12-01 19:50:14'),
(1082, '7', 'dumaraograffie@sac.edu.ph', 2021043, 84, 84, 'Finals', '2025-12-01 19:50:14', '2025-12-01 19:50:14'),
(1083, '7', 'dumaraograffie@sac.edu.ph', 2021044, 87.5, 87.5, 'Prelim', '2025-12-01 19:50:14', '2025-12-01 19:50:14'),
(1084, '7', 'dumaraograffie@sac.edu.ph', 2021044, 89, 89, 'Midterm', '2025-12-01 19:50:14', '2025-12-01 19:50:14'),
(1085, '7', 'dumaraograffie@sac.edu.ph', 2021044, 88.5, 88.5, 'Finals', '2025-12-01 19:50:14', '2025-12-01 19:50:14'),
(1086, '7', 'dumaraograffie@sac.edu.ph', 2021045, 93.5, 93.5, 'Prelim', '2025-12-01 19:50:14', '2025-12-01 19:50:14'),
(1087, '7', 'dumaraograffie@sac.edu.ph', 2021045, 95, 95, 'Midterm', '2025-12-01 19:50:14', '2025-12-01 19:50:14'),
(1088, '7', 'dumaraograffie@sac.edu.ph', 2021045, 94.5, 94.5, 'Finals', '2025-12-01 19:50:14', '2025-12-01 19:50:14'),
(1089, '7', 'dumaraograffie@sac.edu.ph', 2021046, 82, 82, 'Prelim', '2025-12-01 19:50:14', '2025-12-01 19:50:14'),
(1090, '7', 'dumaraograffie@sac.edu.ph', 2021046, 83.5, 83.5, 'Midterm', '2025-12-01 19:50:14', '2025-12-01 19:50:14'),
(1091, '7', 'dumaraograffie@sac.edu.ph', 2021046, 85, 85, 'Finals', '2025-12-01 19:50:14', '2025-12-01 19:50:14'),
(1092, '7', 'dumaraograffie@sac.edu.ph', 2021047, 86.5, 86.5, 'Prelim', '2025-12-01 19:50:14', '2025-12-01 19:50:14'),
(1093, '7', 'dumaraograffie@sac.edu.ph', 2021047, 88, 88, 'Midterm', '2025-12-01 19:50:14', '2025-12-01 19:50:14'),
(1094, '7', 'dumaraograffie@sac.edu.ph', 2021047, 89.5, 89.5, 'Finals', '2025-12-01 19:50:14', '2025-12-01 19:50:14'),
(1095, '7', 'dumaraograffie@sac.edu.ph', 2021048, 89, 89, 'Prelim', '2025-12-01 19:50:14', '2025-12-01 19:50:14'),
(1096, '7', 'dumaraograffie@sac.edu.ph', 2021048, 90.5, 90.5, 'Midterm', '2025-12-01 19:50:14', '2025-12-01 19:50:14'),
(1097, '7', 'dumaraograffie@sac.edu.ph', 2021048, 91, 91, 'Finals', '2025-12-01 19:50:14', '2025-12-01 19:50:14'),
(1098, '7', 'dumaraograffie@sac.edu.ph', 2021049, 80, 80, 'Prelim', '2025-12-01 19:50:14', '2025-12-01 19:50:14'),
(1099, '7', 'dumaraograffie@sac.edu.ph', 2021049, 81.5, 81.5, 'Midterm', '2025-12-01 19:50:14', '2025-12-01 19:50:14'),
(1100, '7', 'dumaraograffie@sac.edu.ph', 2021049, 83, 83, 'Finals', '2025-12-01 19:50:14', '2025-12-01 19:50:14'),
(1101, '7', 'dumaraograffie@sac.edu.ph', 2021050, 85.5, 85.5, 'Prelim', '2025-12-01 19:50:14', '2025-12-01 19:50:14'),
(1102, '7', 'dumaraograffie@sac.edu.ph', 2021050, 87, 87, 'Midterm', '2025-12-01 19:50:14', '2025-12-01 19:50:14'),
(1103, '7', 'dumaraograffie@sac.edu.ph', 2021050, 88.5, 88.5, 'Finals', '2025-12-01 19:50:14', '2025-12-01 19:50:14'),
(1104, '7', 'dumaraograffie@sac.edu.ph', 100000001, 89.5, 91, 'Prelim', '2025-12-01 19:50:37', '2025-12-01 19:50:37'),
(1105, '7', 'dumaraograffie@sac.edu.ph', 100000001, 89.5, 91, 'Midterm', '2025-12-01 19:50:49', '2025-12-01 19:50:49'),
(1106, '7', 'dumaraograffie@sac.edu.ph', 100000001, 89.5, 91, 'Midterm', '2025-12-01 20:10:28', '2025-12-01 20:10:28'),
(1107, '7', 'dumaraograffie@sac.edu.ph', 100000001, 89.5, 91, 'Finals', '2025-12-01 20:10:56', '2025-12-01 20:10:56');

-- --------------------------------------------------------

--
-- Table structure for table `students`
--

CREATE TABLE `students` (
  `id` int(11) NOT NULL,
  `class_id` int(11) NOT NULL,
  `student_number` int(11) NOT NULL,
  `student_email` varchar(255) NOT NULL,
  `first_name` varchar(255) NOT NULL,
  `last_name` varchar(255) NOT NULL,
  `middle_initial` varchar(255) DEFAULT NULL,
  `suffix` varchar(255) DEFAULT NULL,
  `program` varchar(255) NOT NULL,
  `created_at` date NOT NULL,
  `teacher_email` varchar(255) NOT NULL
) ENGINE=InnoDB DEFAULT CHARSET=utf8mb4 COLLATE=utf8mb4_general_ci;

--
-- Dumping data for table `students`
--

INSERT INTO `students` (`id`, `class_id`, `student_number`, `student_email`, `first_name`, `last_name`, `middle_initial`, `suffix`, `program`, `created_at`, `teacher_email`) VALUES
(212, 7, 2021001, 'john.doe@student.edu', 'John', 'Doe', 'A', '', 'BS Computer Science', '2025-11-06', 'dumaraograffie@sac.edu.ph'),
(213, 7, 2021002, 'jane.smithjr@student.edu', 'Jane', 'Smith', 'B', 'Jr.', 'BS Information Technology', '2025-11-06', 'dumaraograffie@sac.edu.ph'),
(214, 7, 2021003, 'mike.johnsoniii@student.edu', 'Mike', 'Johnson', '', 'III', 'BS Computer Engineering', '2025-11-06', 'dumaraograffie@sac.edu.ph'),
(215, 7, 2021004, 'anna.williams@student.edu', 'Anna', 'Williams', 'C', '', 'BA Psychology', '2025-11-06', 'dumaraograffie@sac.edu.ph'),
(216, 7, 2021006, 'emily.davis@student.edu', 'Emily', 'Davis', 'D', '', 'BS Business Administration', '2025-11-06', 'dumaraograffie@sac.edu.ph'),
(217, 7, 2021007, 'robert.wilsonjr@student.edu', 'Robert', 'Wilson', '', 'Jr.', 'BS Nursing', '2025-11-06', 'dumaraograffie@sac.edu.ph'),
(218, 7, 2021008, 'lisa.garcia@student.edu', 'Lisa', 'Garcia', 'E', '', 'BA Mathematics', '2025-11-06', 'dumaraograffie@sac.edu.ph'),
(219, 7, 2021009, 'kevin.martineziii@student.edu', 'Kevin', 'Martinez', '', 'III', 'BS Engineering', '2025-11-06', 'dumaraograffie@sac.edu.ph'),
(220, 7, 2021010, 'sarah.anderson@student.edu', 'Sarah', 'Anderson', 'F', '', 'BS Computer Science', '2025-11-06', 'dumaraograffie@sac.edu.ph'),
(221, 7, 2021011, 'christopher.lee@student.edu', 'Christopher', 'Lee', 'G', '', 'BS Information Technology', '2025-11-06', 'dumaraograffie@sac.edu.ph'),
(222, 7, 2021012, 'olivia.taylor@student.edu', 'Olivia', 'Taylor', 'H', '', 'BS Computer Engineering', '2025-11-06', 'dumaraograffie@sac.edu.ph'),
(223, 7, 2021013, 'james.moore@student.edu', 'James', 'Moore', '', 'Jr.', 'BA Psychology', '2025-11-06', 'dumaraograffie@sac.edu.ph'),
(224, 7, 2021014, 'sophia.jackson@student.edu', 'Sophia', 'Jackson', 'I', '', 'BA English', '2025-11-06', 'dumaraograffie@sac.edu.ph'),
(225, 7, 2021015, 'benjamin.white@student.edu', 'Benjamin', 'White', '', 'III', 'BS Business Administration', '2025-11-06', 'dumaraograffie@sac.edu.ph'),
(226, 7, 2021016, 'ava.harris@student.edu', 'Ava', 'Harris', 'J', '', 'BS Nursing', '2025-11-06', 'dumaraograffie@sac.edu.ph'),
(227, 7, 2021017, 'william.martin@student.edu', 'William', 'Martin', 'K', '', 'BA Mathematics', '2025-11-06', 'dumaraograffie@sac.edu.ph'),
(228, 7, 2021018, 'isabella.thompson@student.edu', 'Isabella', 'Thompson', 'L', '', 'BS Engineering', '2025-11-06', 'dumaraograffie@sac.edu.ph'),
(229, 7, 2021019, 'alexander.garcia@student.edu', 'Alexander', 'Garcia', '', 'Sr.', 'BS Computer Science', '2025-11-06', 'dumaraograffie@sac.edu.ph'),
(230, 7, 2021020, 'charlotte.martinez@student.edu', 'Charlotte', 'Martinez', 'M', '', 'BS Information Technology', '2025-11-06', 'dumaraograffie@sac.edu.ph'),
(231, 7, 2021021, 'michael.rodriguez@student.edu', 'Michael', 'Rodriguez', 'N', '', 'BS Computer Engineering', '2025-11-06', 'dumaraograffie@sac.edu.ph'),
(232, 7, 2021022, 'amelia.lopez@student.edu', 'Amelia', 'Lopez', 'O', '', 'BA Psychology', '2025-11-06', 'dumaraograffie@sac.edu.ph'),
(233, 7, 2021023, 'ethan.gonzalez@student.edu', 'Ethan', 'Gonzalez', 'P', '', 'BA English', '2025-11-06', 'dumaraograffie@sac.edu.ph'),
(234, 7, 2021024, 'harper.perez@student.edu', 'Harper', 'Perez', 'Q', '', 'BS Business Administration', '2025-11-06', 'dumaraograffie@sac.edu.ph'),
(235, 7, 2021025, 'logan.williams@student.edu', 'Logan', 'Williams', '', 'Jr.', 'BS Nursing', '2025-11-06', 'dumaraograffie@sac.edu.ph'),
(236, 7, 2021026, 'abigail.lewis@student.edu', 'Abigail', 'Lewis', 'R', '', 'BA Mathematics', '2025-11-06', 'dumaraograffie@sac.edu.ph'),
(237, 7, 2021027, 'jacob.walker@student.edu', 'Jacob', 'Walker', 'S', '', 'BS Engineering', '2025-11-06', 'dumaraograffie@sac.edu.ph'),
(238, 7, 2021028, 'elizabeth.hall@student.edu', 'Elizabeth', 'Hall', 'T', '', 'BS Computer Science', '2025-11-06', 'dumaraograffie@sac.edu.ph'),
(239, 7, 2021029, 'daniel.young@student.edu', 'Daniel', 'Young', '', 'III', 'BS Information Technology', '2025-11-06', 'dumaraograffie@sac.edu.ph'),
(240, 7, 2021030, 'grace.king@student.edu', 'Grace', 'King', 'U', '', 'BS Computer Engineering', '2025-11-06', 'dumaraograffie@sac.edu.ph'),
(241, 7, 2021031, 'henry.scott@student.edu', 'Henry', 'Scott', 'V', '', 'BA Psychology', '2025-11-06', 'dumaraograffie@sac.edu.ph'),
(242, 7, 2021032, 'ella.green@student.edu', 'Ella', 'Green', 'W', '', 'BA English', '2025-11-06', 'dumaraograffie@sac.edu.ph'),
(243, 7, 2021033, 'sebastian.adams@student.edu', 'Sebastian', 'Adams', '', 'Jr.', 'BS Business Administration', '2025-11-06', 'dumaraograffie@sac.edu.ph'),
(244, 7, 2021034, 'scarlett.baker@student.edu', 'Scarlett', 'Baker', 'X', '', 'BS Nursing', '2025-11-06', 'dumaraograffie@sac.edu.ph'),
(245, 7, 2021035, 'jack.nelson@student.edu', 'Jack', 'Nelson', 'Y', '', 'BA Mathematics', '2025-11-06', 'dumaraograffie@sac.edu.ph'),
(246, 7, 2021036, 'zoey.carter@student.edu', 'Zoey', 'Carter', 'Z', '', 'BS Engineering', '2025-11-06', 'dumaraograffie@sac.edu.ph'),
(247, 7, 2021037, 'levi.mitchell@student.edu', 'Levi', 'Mitchell', 'A', '', 'BS Computer Science', '2025-11-06', 'dumaraograffie@sac.edu.ph'),
(248, 7, 2021038, 'layla.perez@student.edu', 'Layla', 'Perez', 'B', '', 'BS Information Technology', '2025-11-06', 'dumaraograffie@sac.edu.ph'),
(249, 7, 2021039, 'owen.roberts@student.edu', 'Owen', 'Roberts', '', 'Sr.', 'BS Computer Engineering', '2025-11-06', 'dumaraograffie@sac.edu.ph'),
(250, 7, 2021040, 'madison.turner@student.edu', 'Madison', 'Turner', 'C', '', 'BA Psychology', '2025-11-06', 'dumaraograffie@sac.edu.ph'),
(251, 7, 2021041, 'ryan.phillips@student.edu', 'Ryan', 'Phillips', 'D', '', 'BA English', '2025-11-06', 'dumaraograffie@sac.edu.ph'),
(252, 7, 2021042, 'penelope.campbell@student.edu', 'Penelope', 'Campbell', 'E', '', 'BS Business Administration', '2025-11-06', 'dumaraograffie@sac.edu.ph'),
(253, 7, 2021043, 'nolan.parker@student.edu', 'Nolan', 'Parker', 'F', '', 'BS Nursing', '2025-11-06', 'dumaraograffie@sac.edu.ph'),
(254, 7, 2021044, 'riley.evans@student.edu', 'Riley', 'Evans', 'G', '', 'BA Mathematics', '2025-11-06', 'dumaraograffie@sac.edu.ph'),
(255, 7, 2021045, 'caleb.edwards@student.edu', 'Caleb', 'Edwards', '', 'III', 'BS Engineering', '2025-11-06', 'dumaraograffie@sac.edu.ph'),
(256, 7, 2021046, 'madelyn.collins@student.edu', 'Madelyn', 'Collins', 'H', '', 'BS Computer Science', '2025-11-06', 'dumaraograffie@sac.edu.ph'),
(257, 7, 2021047, 'brayden.stewart@student.edu', 'Brayden', 'Stewart', 'I', '', 'BS Information Technology', '2025-11-06', 'dumaraograffie@sac.edu.ph'),
(258, 7, 2021048, 'aria.sanchez@student.edu', 'Aria', 'Sanchez', 'J', '', 'BS Computer Engineering', '2025-11-06', 'dumaraograffie@sac.edu.ph'),
(259, 7, 2021049, 'lincoln.morris@student.edu', 'Lincoln', 'Morris', 'K', '', 'BA Psychology', '2025-11-06', 'dumaraograffie@sac.edu.ph'),
(260, 7, 2021050, 'brooklyn.rivera@student.edu', 'Brooklyn', 'Rivera', 'L', '', 'BA English', '2025-11-06', 'dumaraograffie@sac.edu.ph'),
(261, 7, 100000001, 'barcelonakristel@sac.edu.ph', 'Kristel', 'Barcelona', 'D', '', 'BS Nursing', '2025-11-10', 'dumaraograffie@sac.edu.ph'),
(262, 6, 2147483647, 'dumaraograffie@sac.edu.ph', 'Raffie', 'Dumaraog', 'E', '', 'BS Information Technology', '2025-11-10', 'dumaraograffie@sac.edu.ph'),
(263, 7, 2147483647, 'raptae8888@gmail.com', 'Raffie', 'Dumaraog', 'E', '', 'BS Information Technology', '2025-11-18', 'dumaraograffie@sac.edu.ph'),
(264, 7, 2021005, 'david.brownsr@student.edu', 'David', 'Brown', '', 'Sr.', 'BA English', '2025-12-01', 'dumaraograffie@sac.edu.ph');

-- --------------------------------------------------------

--
-- Table structure for table `users`
--

CREATE TABLE `users` (
  `id` int(11) NOT NULL,
  `full_name` varchar(255) NOT NULL,
  `department` varchar(255) NOT NULL,
  `email` varchar(255) NOT NULL,
  `password` varchar(255) NOT NULL,
  `user_type` varchar(50) NOT NULL,
  `created_at` timestamp NOT NULL DEFAULT current_timestamp()
) ENGINE=InnoDB DEFAULT CHARSET=utf8mb4 COLLATE=utf8mb4_general_ci;

--
-- Dumping data for table `users`
--

INSERT INTO `users` (`id`, `full_name`, `department`, `email`, `password`, `user_type`, `created_at`) VALUES
(9, 'Teacher Raffie', '', 'dumaraograffie@sac.edu.ph', '$2y$10$aI1jPAKJhpSEfmsiIWvz9O3roH/1R6cfcqFg3d1BHQJkYGQt5v/rq', 'teacher', '2025-11-03 15:09:07');

--
-- Indexes for dumped tables
--

--
-- Indexes for table `assessment_items`
--
ALTER TABLE `assessment_items`
  ADD PRIMARY KEY (`id`),
  ADD KEY `class_id` (`class_id`);

--
-- Indexes for table `assessment_scores`
--
ALTER TABLE `assessment_scores`
  ADD PRIMARY KEY (`id`),
  ADD KEY `assessment_item_id` (`assessment_item_id`),
  ADD KEY `student_id` (`student_id`);

--
-- Indexes for table `attendance`
--
ALTER TABLE `attendance`
  ADD PRIMARY KEY (`id`),
  ADD UNIQUE KEY `unique_student_date_session` (`student_id`,`attendance_date`,`class_id`,`session`),
  ADD KEY `class_id` (`class_id`);

--
-- Indexes for table `calculated_grades`
--
ALTER TABLE `calculated_grades`
  ADD PRIMARY KEY (`id`);

--
-- Indexes for table `classes`
--
ALTER TABLE `classes`
  ADD PRIMARY KEY (`id`);

--
-- Indexes for table `grades`
--
ALTER TABLE `grades`
  ADD PRIMARY KEY (`id`);

--
-- Indexes for table `students`
--
ALTER TABLE `students`
  ADD PRIMARY KEY (`id`);

--
-- Indexes for table `users`
--
ALTER TABLE `users`
  ADD PRIMARY KEY (`id`),
  ADD UNIQUE KEY `email` (`email`);

--
-- AUTO_INCREMENT for dumped tables
--

--
-- AUTO_INCREMENT for table `assessment_items`
--
ALTER TABLE `assessment_items`
  MODIFY `id` int(11) NOT NULL AUTO_INCREMENT, AUTO_INCREMENT=16;

--
-- AUTO_INCREMENT for table `assessment_scores`
--
ALTER TABLE `assessment_scores`
  MODIFY `id` int(11) NOT NULL AUTO_INCREMENT, AUTO_INCREMENT=19;

--
-- AUTO_INCREMENT for table `attendance`
--
ALTER TABLE `attendance`
  MODIFY `id` int(11) NOT NULL AUTO_INCREMENT, AUTO_INCREMENT=1424;

--
-- AUTO_INCREMENT for table `calculated_grades`
--
ALTER TABLE `calculated_grades`
  MODIFY `id` int(11) NOT NULL AUTO_INCREMENT, AUTO_INCREMENT=379;

--
-- AUTO_INCREMENT for table `classes`
--
ALTER TABLE `classes`
  MODIFY `id` int(11) NOT NULL AUTO_INCREMENT, AUTO_INCREMENT=8;

--
-- AUTO_INCREMENT for table `grades`
--
ALTER TABLE `grades`
  MODIFY `id` int(11) NOT NULL AUTO_INCREMENT, AUTO_INCREMENT=1108;

--
-- AUTO_INCREMENT for table `students`
--
ALTER TABLE `students`
  MODIFY `id` int(11) NOT NULL AUTO_INCREMENT, AUTO_INCREMENT=265;

--
-- AUTO_INCREMENT for table `users`
--
ALTER TABLE `users`
  MODIFY `id` int(11) NOT NULL AUTO_INCREMENT, AUTO_INCREMENT=10;

--
-- Constraints for dumped tables
--

--
-- Constraints for table `assessment_items`
--
ALTER TABLE `assessment_items`
  ADD CONSTRAINT `assessment_items_ibfk_1` FOREIGN KEY (`class_id`) REFERENCES `classes` (`id`) ON DELETE CASCADE;

--
-- Constraints for table `assessment_scores`
--
ALTER TABLE `assessment_scores`
  ADD CONSTRAINT `assessment_scores_ibfk_1` FOREIGN KEY (`assessment_item_id`) REFERENCES `assessment_items` (`id`) ON DELETE CASCADE,
  ADD CONSTRAINT `assessment_scores_ibfk_2` FOREIGN KEY (`student_id`) REFERENCES `students` (`id`) ON DELETE CASCADE;

--
-- Constraints for table `attendance`
--
ALTER TABLE `attendance`
  ADD CONSTRAINT `attendance_ibfk_1` FOREIGN KEY (`class_id`) REFERENCES `classes` (`id`) ON DELETE CASCADE;
COMMIT;

/*!40101 SET CHARACTER_SET_CLIENT=@OLD_CHARACTER_SET_CLIENT */;
/*!40101 SET CHARACTER_SET_RESULTS=@OLD_CHARACTER_SET_RESULTS */;
/*!40101 SET COLLATION_CONNECTION=@OLD_COLLATION_CONNECTION */;
